date,steps,distance_miles,journey_id,character,segment,cumulative_miles,cumulative_steps,all_time_cumulative_miles,all_time_cumulative_steps
2024-03-27,16822,7.1574411577786945,Mordor,Frodo,The Shire,7.1574411577786945,16822.0,7.1574411577786945,16822
2024-03-28,9295,3.936331978839767,Mordor,Frodo,The Shire,11.093773136618461,26117.0,11.093773136618461,26117
2024-03-29,18741,7.7227360086588215,Mordor,Frodo,The Shire,18.816509145277283,44858.0,18.816509145277283,44858
2024-03-30,18257,6.884298472063009,Mordor,Frodo,The Shire,25.700807617340292,63115.0,25.700807617340292,63115
2024-03-31,13554,4.643141924363995,Mordor,Frodo,The Shire,30.343949541704287,76669.0,30.343949541704287,76669
2024-04-01,9656,3.740249090584414,Mordor,Frodo,The Shire,34.084198632288704,86325.0,34.084198632288704,86325
2024-04-02,2493,0.9770087370445212,Mordor,Frodo,The Shire,35.061207369333225,88818.0,35.061207369333225,88818
2024-04-03,1641,0.5499872109777799,Mordor,Frodo,The Shire,35.611194580311,90459.0,35.61119458031101,90459
2024-04-04,1021,0.2527196418214681,Mordor,Frodo,The Shire,35.86391422213247,91480.0,35.86391422213248,91480
2024-04-05,12499,5.101605949822892,Mordor,Frodo,The Shire,40.96552017195536,103979.0,40.96552017195537,103979
2024-04-06,1691,0.41100148120147434,Mordor,Frodo,The Shire,41.376521653156836,105670.0,41.37652165315684,105670
2024-04-07,13087,5.3067353971677464,Mordor,Frodo,The Shire,46.683257050324585,118757.0,46.68325705032459,118757
2024-04-08,13482,5.380354553630324,Mordor,Frodo,The Shire,52.06361160395491,132239.0,52.06361160395492,132239
2024-04-09,11725,4.841264900873129,Mordor,Frodo,The Shire,56.90487650482804,143964.0,56.904876504828046,143964
2024-04-10,1119,0.3373853507658394,Mordor,Frodo,The Shire,57.242261855593874,145083.0,57.24226185559389,145083
2024-04-11,5860,2.166335321006096,Mordor,Frodo,The Shire,59.40859717659997,150943.0,59.40859717659998,150943
2024-04-12,15036,5.854267228577756,Mordor,Frodo,The Shire,65.26286440517772,165979.0,65.26286440517774,165979
2024-04-13,10960,3.173516184779696,Mordor,Frodo,The Shire,68.43638058995742,176939.0,68.43638058995744,176939
2024-04-14,16384,5.739601648413154,Mordor,Frodo,The Shire,74.17598223837058,193323.0,74.1759822383706,193323
2024-04-15,22863,9.225404516709387,Mordor,Frodo,The Shire,83.40138675507997,216186.0,83.40138675507998,216186
2024-04-16,15199,5.461338283869567,Mordor,Frodo,The Shire,88.86272503894953,231385.0,88.86272503894955,231385
2024-04-17,9737,3.6822769146129137,Mordor,Frodo,The Shire,92.54500195356245,241122.0,92.54500195356246,241122
2024-04-18,14513,5.745268136858491,Mordor,Frodo,The Shire,98.29027009042093,255635.0,98.29027009042095,255635
2024-04-19,9617,3.983654578087924,Mordor,Frodo,The Shire,102.27392466850887,265252.0,102.27392466850887,265252
2024-04-20,14721,5.055618766999369,Mordor,Frodo,The Shire,107.32954343550823,279973.0,107.32954343550824,279973
2024-04-21,19288,7.048313348034215,Mordor,Frodo,The Shire,114.37785678354244,299261.0,114.37785678354246,299261
2024-04-22,20937,8.64728020237127,Mordor,Frodo,The Shire,123.02513698591372,320198.0,123.02513698591372,320198
2024-04-23,6817,2.521623325251784,Mordor,Frodo,The Shire,125.5467603111655,327015.0,125.5467603111655,327015
2024-04-24,20418,8.478135402954393,Mordor,Frodo,The Shire,134.0248957141199,347433.0,134.0248957141199,347433
2024-04-25,13190,5.3916197737729945,Mordor,Frodo,The Shire,139.4165154878929,360623.0,139.4165154878929,360623
2024-04-26,3124,1.2109115223681801,Mordor,Frodo,The Shire,140.62742701026107,363747.0,140.62742701026107,363747
2024-04-27,11869,4.112078723293371,Mordor,Frodo,The Shire,144.73950573355444,375616.0,144.73950573355444,375616
2024-04-28,13084,4.4575029875242835,Mordor,Frodo,The Shire,149.19700872107873,388700.0,149.19700872107873,388700
2024-04-29,30840,11.927256593543083,Mordor,Frodo,The Fellowship,161.1242653146218,419540.0,161.12426531462182,419540
2024-04-30,2142,0.6724695189074024,Mordor,Frodo,The Fellowship,161.7967348335292,421682.0,161.79673483352923,421682
2024-05-01,18761,7.683747478301323,Mordor,Frodo,The Fellowship,169.48048231183054,440443.0,169.48048231183054,440443
2024-05-02,11790,4.816126438272278,Mordor,Frodo,The Fellowship,174.29660875010282,452233.0,174.29660875010282,452233
2024-05-03,19812,8.131658783888959,Mordor,Frodo,The Fellowship,182.42826753399177,472045.0,182.42826753399177,472045
2024-05-04,21535,8.016322547231654,Mordor,Frodo,The Fellowship,190.44459008122342,493580.0,190.44459008122342,493580
2024-05-05,19776,7.543103165649813,Mordor,Frodo,The Fellowship,197.98769324687325,513356.0,197.98769324687325,513356
2024-05-06,14099,5.800083785361445,Mordor,Frodo,The Fellowship,203.7877770322347,527455.0,203.7877770322347,527455
2024-05-07,6925,2.5509774002972363,Mordor,Frodo,The Fellowship,206.3387544325319,534380.0,206.3387544325319,534380
2024-05-08,13281,5.045319494554204,Mordor,Frodo,The Fellowship,211.38407392708612,547661.0,211.38407392708612,547661
2024-05-09,9710,3.8840732315195425,Mordor,Frodo,The Fellowship,215.26814715860567,557371.0,215.26814715860567,557371
2024-05-10,4935,1.936383767608064,Mordor,Frodo,The Fellowship,217.20453092621372,562306.0,217.20453092621375,562306
2024-05-11,17781,6.975622933137906,Mordor,Frodo,The Fellowship,224.18015385935163,580087.0,224.18015385935166,580087
2024-05-12,17378,6.404058093827304,Mordor,Frodo,The Fellowship,230.58421195317894,597465.0,230.58421195317896,597465
2024-05-13,29407,11.452076958113125,Mordor,Frodo,The Fellowship,242.03628891129205,626872.0,242.0362889112921,626872
2024-05-14,22374,9.361009931782835,Mordor,Frodo,The Fellowship,251.3972988430749,649246.0,251.39729884307494,649246
2024-05-15,13694,5.388437792732511,Mordor,Frodo,The Fellowship,256.7857366358074,662940.0,256.78573663580744,662940
2024-05-16,22253,9.206550533035047,Mordor,Frodo,The Fellowship,265.99228716884244,685193.0,265.9922871688425,685193
2024-05-17,33080,12.86126857595066,Mordor,Frodo,The Fellowship,278.85355574479314,718273.0,278.85355574479314,718273
2024-05-18,20591,8.081760171403337,Mordor,Frodo,The Fellowship,286.93531591619643,738864.0,286.9353159161965,738864
2024-05-19,25136,9.667133730258556,Mordor,Frodo,The Fellowship,296.602449646455,764000.0,296.60244964645506,764000
2024-05-20,41644,17.36684414157829,Mordor,Frodo,The Fellowship,313.96929378803327,805644.0,313.9692937880333,805644
2024-05-21,26791,11.081436929084804,Mordor,Frodo,The Fellowship,325.0507307171181,832435.0,325.05073071711814,832435
2024-05-22,13460,5.209669806787888,Mordor,Frodo,The Fellowship,330.260400523906,845895.0,330.260400523906,845895
2024-05-23,22275,8.595248871415055,Mordor,Frodo,The Fellowship,338.85564939532105,868170.0,338.85564939532105,868170
2024-05-24,21053,8.701548945212442,Mordor,Frodo,The Fellowship,347.5571983405335,889223.0,347.5571983405335,889223
2024-05-25,18026,6.5928441156495055,Mordor,Frodo,The Fellowship,354.150042456183,907249.0,354.150042456183,907249
2024-05-26,23507,8.829278831297595,Mordor,Frodo,The Fellowship,362.9793212874806,930756.0,362.97932128748056,930756
2024-05-27,28612,11.817183339367919,Mordor,Frodo,The Fellowship,374.7965046268485,959368.0,374.7965046268485,959368
2024-05-28,24874,10.492094840878892,Mordor,Frodo,The Fellowship,385.2885994677274,984242.0,385.2885994677274,984242
2024-05-29,13977,5.81846079595968,Mordor,Frodo,The Fellowship,391.10706026368706,998219.0,391.1070602636871,998219
2024-05-30,16228,5.882586792813961,Mordor,Frodo,The Fellowship,396.98964705650104,1014447.0,396.9896470565011,1014447
2024-05-31,14301,5.683118628582524,Mordor,Frodo,The Fellowship,402.67276568508356,1028748.0,402.6727656850836,1028748
2024-06-01,20905,7.920991683568553,Mordor,Frodo,The Fellowship,410.5937573686521,1049653.0,410.5937573686522,1049653
2024-06-02,29880,11.584659745570905,Mordor,Frodo,The Fellowship,422.178417114223,1079533.0,422.17841711422307,1079533
2024-06-03,21337,8.820241339956452,Mordor,Frodo,The Fellowship,430.99865845417946,1100870.0,430.9986584541795,1100870
2024-06-04,27673,11.61193218394086,Mordor,Frodo,The Fellowship,442.61059063812036,1128543.0,442.61059063812036,1128543
2024-06-05,6654,2.6013887191238667,Mordor,Frodo,The Fellowship,445.2119793572442,1135197.0,445.2119793572442,1135197
2024-06-06,18649,6.745055697493659,Mordor,Frodo,The Fellowship,451.95703505473784,1153846.0,451.9570350547379,1153846
2024-06-07,15688,6.502952610530906,Mordor,Frodo,The Fellowship,458.4599876652688,1169534.0,458.4599876652688,1169534
2024-06-08,19634,7.27718703279795,Mordor,Frodo,The Fellowship,465.7371746980667,1189168.0,465.7371746980667,1189168
2024-06-09,27321,10.382123505552853,Mordor,Frodo,The Fellowship,476.11929820361956,1216489.0,476.11929820361956,1216489
2024-06-10,8730,3.338628461567924,Mordor,Frodo,The Fellowship,479.4579266651875,1225219.0,479.4579266651875,1225219
2024-06-11,4651,1.8654685687384673,Mordor,Frodo,The Fellowship,481.32339523392596,1229870.0,481.32339523392596,1229870
2024-06-12,3824,1.4222053930688732,Mordor,Frodo,The Fellowship,482.7456006269948,1233694.0,482.7456006269948,1233694
2024-06-13,17840,7.408617909809233,Mordor,Frodo,The Fellowship,490.1542185368041,1251534.0,490.154218536804,1251534
2024-06-14,22839,9.311329510422702,Mordor,Frodo,The Fellowship,499.4655480472268,1274373.0,499.4655480472267,1274373
2024-06-15,23196,8.885277185256342,Mordor,Frodo,The Fellowship,508.3508252324831,1297569.0,508.3508252324831,1297569
2024-06-16,30750,11.953419978921175,Mordor,Frodo,The Fellowship,520.3042452114042,1328319.0,520.3042452114042,1328319
2024-06-17,11269,4.219158853887034,Mordor,Frodo,The Fellowship,524.5234040652913,1339588.0,524.5234040652913,1339588
2024-06-18,18445,7.493660144998205,Mordor,Frodo,The Fellowship,532.0170642102895,1358033.0,532.0170642102895,1358033
2024-06-19,16454,6.773253040257042,Mordor,Frodo,The Fellowship,538.7903172505465,1374487.0,538.7903172505465,1374487
2024-06-20,26460,11.163969820115849,Mordor,Frodo,The Fellowship,549.9542870706624,1400947.0,549.9542870706624,1400947
2024-06-21,15773,6.718460533837615,Mordor,Frodo,The Fellowship,556.6727476045,1416720.0,556.6727476045,1416720
2024-06-22,17469,7.164112498545442,Mordor,Frodo,The Fellowship,563.8368601030455,1434189.0,563.8368601030455,1434189
2024-06-23,18886,6.9239852273693945,Mordor,Frodo,The Fellowship,570.7608453304149,1453075.0,570.7608453304149,1453075
2024-06-24,28160,11.356139364240706,Mordor,Frodo,The Fellowship,582.1169846946556,1481235.0,582.1169846946556,1481235
2024-06-25,25681,10.638638787166977,Mordor,Frodo,The Fellowship,592.7556234818226,1506916.0,592.7556234818226,1506916
2024-06-26,19758,8.25567773894874,Mordor,Frodo,The Fellowship,601.0113012207713,1526674.0,601.0113012207713,1526674
2024-06-27,8970,3.467494139381777,Mordor,Frodo,The Fellowship,604.4787953601531,1535644.0,604.4787953601531,1535644
2024-06-28,10473,4.3274701574223275,Mordor,Frodo,The Fellowship,608.8062655175754,1546117.0,608.8062655175754,1546117
2024-06-29,30007,11.951973339533328,Mordor,Frodo,The Fellowship,620.7582388571087,1576124.0,620.7582388571087,1576124
2024-06-30,21468,8.123085527357953,Mordor,Frodo,The Fellowship,628.8813243844667,1597592.0,628.8813243844667,1597592
2024-07-01,12960,5.435817560064705,Mordor,Frodo,The Fellowship,634.3171419445314,1610552.0,634.3171419445314,1610552
2024-07-02,18446,7.824589384191939,Mordor,Frodo,The Fellowship,642.1417313287233,1628998.0,642.1417313287234,1628998
2024-07-03,13122,5.217825789110519,Mordor,Frodo,The Fellowship,647.3595571178338,1642120.0,647.3595571178339,1642120
2024-07-04,22187,8.822368679792655,Mordor,Frodo,The Fellowship,656.1819257976265,1664307.0,656.1819257976266,1664307
2024-07-05,23288,9.798904457948769,Mordor,Frodo,The Fellowship,665.9808302555753,1687595.0,665.9808302555754,1687595
2024-07-06,19432,8.166570940105466,Mordor,Frodo,The Fellowship,674.1474011956807,1707027.0,674.1474011956808,1707027
2024-07-07,22873,8.870356185253488,Mordor,Frodo,The Fellowship,683.0177573809342,1729900.0,683.0177573809343,1729900
2024-07-08,26008,10.839676004591183,Mordor,Frodo,The Fellowship,693.8574333855254,1755908.0,693.8574333855255,1755908
2024-07-09,24083,10.262868108812066,Mordor,Frodo,The Fellowship,704.1203014943375,1779991.0,704.1203014943376,1779991
2024-07-10,28884,12.143897458586295,Mordor,Frodo,The Fellowship,716.2641989529237,1808875.0,716.2641989529238,1808875
2024-07-11,21354,8.837472339159833,Mordor,Frodo,The Fellowship,725.1016712920836,1830229.0,725.1016712920837,1830229
2024-07-12,15569,6.712743958450546,Mordor,Frodo,The Fellowship,731.8144152505341,1845798.0,731.8144152505342,1845798
2024-07-13,19152,7.2158991147280105,Mordor,Frodo,The Fellowship,739.0303143652621,1864950.0,739.0303143652623,1864950
2024-07-14,25564,9.645787623372724,Mordor,Frodo,The Fellowship,748.6761019886349,1890514.0,748.676101988635,1890514
2024-07-15,19175,7.867400668901545,Mordor,Frodo,The Fellowship,756.5435026575365,1909689.0,756.5435026575365,1909689
2024-07-16,17512,7.313468918314208,Mordor,Frodo,The Fellowship,763.8569715758506,1927201.0,763.8569715758507,1927201
2024-07-17,16177,6.839597838675152,Mordor,Frodo,The Fellowship,770.6965694145258,1943378.0,770.6965694145258,1943378
2024-07-18,18000,7.589861033970276,Mordor,Frodo,The Fellowship,778.286430448496,1961378.0,778.286430448496,1961378
2024-07-19,18973,7.957642128577088,Mordor,Frodo,The Fellowship,786.2440725770731,1980351.0,786.2440725770731,1980351
2024-07-20,20242,8.502977165520624,Mordor,Frodo,The Fellowship,794.7470497425937,2000593.0,794.7470497425937,2000593
2024-07-21,20804,7.808477475779191,Mordor,Frodo,The Fellowship,802.555527218373,2021397.0,802.555527218373,2021397
2024-07-22,24340,10.207606109853364,Mordor,Frodo,The Fellowship,812.7631333282263,2045737.0,812.7631333282263,2045737
2024-07-23,21368,9.143241308231087,Mordor,Frodo,The Fellowship,821.9063746364574,2067105.0,821.9063746364574,2067105
2024-07-24,17379,7.409525883489297,Mordor,Frodo,Mines of Moria,829.3159005199467,2084484.0,829.3159005199467,2084484
2024-07-25,24212,10.258284060769114,Mordor,Frodo,Mines of Moria,839.5741845807158,2108696.0,839.5741845807158,2108696
2024-07-26,22585,9.591819197887569,Mordor,Frodo,Mines of Moria,849.1660037786033,2131281.0,849.1660037786035,2131281
2024-07-27,21632,8.981070747351602,Mordor,Frodo,Mines of Moria,858.147074525955,2152913.0,858.1470745259551,2152913
2024-07-28,24979,9.628148103286401,Mordor,Frodo,Mines of Moria,867.7752226292414,2177892.0,867.7752226292415,2177892
2024-07-29,4874,1.8688306197049958,,,,,,869.6440532489465,2182766
2024-07-30,5649,2.1916326110893847,,,,,,871.8356858600359,2188415
2024-07-31,10623,4.266284951538492,,,,,,876.1019708115745,2199038
2024-08-01,7627,2.879923323157566,,,,,,878.981894134732,2206665
2024-08-02,305,0.05051930808591023,,,,,,879.0324134428179,2206970
2024-08-03,3310,1.1815109125910566,,,,,,880.213924355409,2210280
2024-08-04,13536,4.702310315279762,,,,,,884.9162346706887,2223816
2024-08-05,6076,2.4354656128909964,,,,,,887.3517002835797,2229892
2024-08-06,6882,2.630503968086051,,,,,,889.9822042516657,2236774
2024-08-07,478,0.12256852798766968,,,,,,890.1047727796534,2237252
2024-08-08,12052,4.396091447879182,,,,,,894.5008642275326,2249304
2024-08-09,4775,1.5828881549668583,,,,,,896.0837523824995,2254079
2024-08-10,7635,2.6433128794111407,,,,,,898.7270652619106,2261714
2024-08-11,8448,2.9823195882128024,,,,,,901.7093848501235,2270162
2024-08-12,3873,1.515582076267744,,,,,,903.2249669263912,2274035
2024-08-13,2720,0.9007252883283687,,,,,,904.1256922147195,2276755
2024-08-14,3889,1.511378787148709,,,,,,905.6370710018682,2280644
2024-08-15,7443,2.8804122817357998,,,,,,908.517483283604,2288087
2024-08-16,17502,6.08223320073076,,,,,,914.5997164843347,2305589
2024-08-17,15788,6.039004520508174,,,,,,920.638721004843,2321377
2024-08-18,10794,3.637484845294902,,,,,,924.2762058501379,2332171
2024-08-19,8143,3.157348622122356,,,,,,927.4335544722603,2340314
2024-08-20,11581,4.773383618325376,,,,,,932.2069380905857,2351895
2024-08-21,7249,2.825156626863865,,,,,,935.0320947174496,2359144
2024-08-22,2693,0.8534977124777174,,,,,,935.8855924299273,2361837
2024-08-23,11250,4.19726728595203,,,,,,940.0828597158794,2373087
2024-08-24,18144,7.420338995592255,Mordor,Frodo,The Eye of Sauron,875.1955616248337,2196036.0,947.5031987114717,2391231
2024-08-25,22304,8.295156155791588,Mordor,Frodo,The Eye of Sauron,883.4907177806252,2218340.0,955.7983548672632,2413535
2024-08-26,26708,11.150496363843608,Mordor,Frodo,The Eye of Sauron,894.6412141444688,2245048.0,966.9488512311068,2440243
2024-08-27,31949,13.12845184747651,Mordor,Frodo,The Eye of Sauron,907.7696659919453,2276997.0,980.0773030785833,2472192
2024-08-28,33913,14.079274552848943,Mordor,Frodo,The Eye of Sauron,921.8489405447943,2310910.0,994.1565776314322,2506105
2024-08-29,17516,6.910935132383479,Mordor,Frodo,The Eye of Sauron,928.7598756771778,2328426.0,1001.0675127638157,2523621
2024-08-30,2888,1.0839995191747798,Mordor,Frodo,The Eye of Sauron,929.8438751963525,2331314.0,1002.1515122829904,2526509
2024-08-31,23876,9.083807330291584,Mordor,Frodo,The Eye of Sauron,938.9276825266442,2355190.0,1011.2353196132821,2550385
2024-09-01,31691,12.342591224545181,Mordor,Frodo,The Eye of Sauron,951.2702737511893,2386881.0,1023.5779108378273,2582076
2024-09-02,18043,7.205867173888961,Mordor,Frodo,The Eye of Sauron,958.4761409250783,2404924.0,1030.7837780117163,2600119
2024-09-03,16517,6.984310621860514,Mordor,Frodo,The Eye of Sauron,965.4604515469388,2421441.0,1037.7680886335768,2616636
2024-09-04,5228,2.0255078196791225,Mordor,Frodo,The Eye of Sauron,967.485959366618,2426669.0,1039.793596453256,2621864
2024-09-05,9760,4.041891666089613,Mordor,Frodo,The Eye of Sauron,971.5278510327075,2436429.0,1043.8354881193457,2631624
2024-09-06,9504,3.7886527291650953,Mordor,Frodo,The Eye of Sauron,975.3165037618726,2445933.0,1047.6241408485107,2641128
2024-09-07,7306,2.728743510198039,Mordor,Frodo,The Eye of Sauron,978.0452472720707,2453239.0,1050.3528843587087,2648434
2024-09-08,17736,6.324351333459368,Mordor,Frodo,The Eye of Sauron,984.3695986055301,2470975.0,1056.677235692168,2666170
2024-09-09,12833,5.174211139365608,Mordor,Frodo,The Eye of Sauron,989.5438097448956,2483808.0,1061.8514468315336,2679003
2024-09-10,12515,5.042710325111618,Mordor,Frodo,The Eye of Sauron,994.5865200700073,2496323.0,1066.8941571566452,2691518
2024-09-11,5343,1.942432699599467,Mordor,Frodo,The Eye of Sauron,996.5289527696067,2501666.0,1068.8365898562447,2696861
2024-09-12,22056,8.920221620946007,Mordor,Frodo,The Eye of Sauron,1005.4491743905527,2523722.0,1077.7568114771907,2718917
2024-09-13,8861,3.697150592218726,Mordor,Frodo,The Eye of Sauron,1009.1463249827715,2532583.0,1081.4539620694095,2727778
2024-09-14,3038,1.206417058469132,Mordor,Frodo,The Eye of Sauron,1010.3527420412406,2535621.0,1082.6603791278787,2730816
2024-09-15,12588,4.445999619246481,Mordor,Frodo,The Eye of Sauron,1014.798741660487,2548209.0,1087.1063787471253,2743404
2024-09-16,7165,2.789508273005862,Mordor,Frodo,The Eye of Sauron,1017.588249933493,2555374.0,1089.895887020131,2750569
2024-09-17,11279,4.612548542035526,Mordor,Frodo,The Eye of Sauron,1022.2007984755285,2566653.0,1094.5084355621666,2761848
2024-09-18,11886,4.874606560845445,Mordor,Frodo,The Eye of Sauron,1027.075405036374,2578539.0,1099.383042123012,2773734
2024-09-19,22803,8.612999660159268,Mordor,Frodo,The Eye of Sauron,1035.688404696533,2601342.0,1107.9960417831712,2796537
2024-09-20,32607,13.53875050459438,Mordor,Frodo,The Eye of Sauron,1049.2271552011275,2633949.0,1121.5347922877656,2829144
2024-09-21,22699,9.219057698431941,Mordor,Frodo,The Eye of Sauron,1058.4462128995594,2656648.0,1130.7538499861976,2851843
2024-09-22,21443,8.18159325936609,Mordor,Frodo,The Eye of Sauron,1066.6278061589255,2678091.0,1138.9354432455636,2873286
2024-09-23,14431,5.888201954118939,Mordor,Frodo,The Eye of Sauron,1072.5160081130446,2692522.0,1144.8236451996827,2887717
2024-09-24,7039,2.9235247825465267,Mordor,Frodo,The Eye of Sauron,1075.4395328955911,2699561.0,1147.7471699822293,2894756
2024-09-25,13845,5.689143947083761,Mordor,Frodo,The Eye of Sauron,1081.1286768426748,2713406.0,1153.436313929313,2908601
2024-09-26,7137,2.972948260725939,Mordor,Frodo,The Eye of Sauron,1084.1016251034007,2720543.0,1156.4092621900388,2915738
2024-09-27,7652,3.024046292763133,Mordor,Frodo,The Eye of Sauron,1087.1256713961639,2728195.0,1159.433308482802,2923390
2024-09-28,7939,3.228169845399822,Mordor,Frodo,The Eye of Sauron,1090.3538412415637,2736134.0,1162.6614783282018,2931329
2024-09-29,23226,8.993184180071957,Mordor,Frodo,The Eye of Sauron,1099.3470254216356,2759360.0,1171.6546625082738,2954555
2024-09-30,3390,1.293537576156115,Mordor,Frodo,The Eye of Sauron,1100.6405629977917,2762750.0,1172.9482000844298,2957945
2024-10-01,22233,9.174824098882128,Mordor,Frodo,The Eye of Sauron,1109.815387096674,2784983.0,1182.1230241833118,2980178
2024-10-02,11247,4.5746628234769755,Mordor,Frodo,The Eye of Sauron,1114.390049920151,2796230.0,1186.6976870067888,2991425
2024-10-03,9841,3.729264799298629,Mordor,Frodo,The Eye of Sauron,1118.1193147194494,2806071.0,1190.4269518060873,3001266
2024-10-04,20347,8.112712964767606,Mordor,Frodo,The Eye of Sauron,1126.2320276842172,2826418.0,1198.5396647708549,3021613
2024-10-05,15211,5.931774798755147,Mordor,Frodo,The Eye of Sauron,1132.1638024829722,2841629.0,1204.47143956961,3036824
2024-10-06,22940,9.546618929927849,Mordor,Frodo,The Eye of Sauron,1141.7104214129001,2864569.0,1214.018058499538,3059764
2024-10-07,5515,2.1090277589717297,Mordor,Frodo,The Eye of Sauron,1143.8194491718718,2870084.0,1216.1270862585097,3065279
2024-10-08,7578,2.941357183449036,Mordor,Frodo,The Eye of Sauron,1146.760806355321,2877662.0,1219.0684434419588,3072857
2024-10-09,3349,1.288982029430582,Mordor,Frodo,The Eye of Sauron,1148.0497883847515,2881011.0,1220.3574254713894,3076206
2024-10-10,1218,0.3880268996165751,Mordor,Frodo,The Eye of Sauron,1148.437815284368,2882229.0,1220.745452371006,3077424
2024-10-11,2333,0.8904056074753189,Mordor,Frodo,The Eye of Sauron,1149.3282208918433,2884562.0,1221.6358579784812,3079757
2024-10-12,22699,8.487460035353203,Mordor,Frodo,The Eye of Sauron,1157.8156809271966,2907261.0,1230.1233180138345,3102456
2024-10-13,24978,9.555290332338096,Mordor,Frodo,The Eye of Sauron,1167.3709712595346,2932239.0,1239.6786083461725,3127434
2024-10-14,15955,6.577981704391352,Mordor,Frodo,The Eye of Sauron,1173.948952963926,2948194.0,1246.2565900505638,3143389
2024-10-15,3229,1.2723744349255977,Mordor,Frodo,The Eye of Sauron,1175.2213273988516,2951423.0,1247.5289644854893,3146618
2024-10-16,13336,5.50671399847781,Mordor,Frodo,The Eye of Sauron,1180.7280413973294,2964759.0,1253.035678483967,3159954
2024-10-17,15846,6.635091230335132,Mordor,Frodo,The Eye of Sauron,1187.3631326276645,2980605.0,1259.6707697143022,3175800
2024-10-18,9722,3.868031614492366,Mordor,Frodo,The Eye of Sauron,1191.2311642421569,2990327.0,1263.5388013287945,3185522
2024-10-19,26301,10.271267736740187,Mordor,Frodo,The Eye of Sauron,1201.502431978897,3016628.0,1273.8100690655347,3211823
2024-10-20,24498,9.58535311329324,Mordor,Frodo,The Eye of Sauron,1211.0877850921904,3041126.0,1283.3954221788279,3236321
2024-10-21,24403,10.371576261303737,Mordor,Frodo,The Eye of Sauron,1221.4593613534942,3065529.0,1293.7669984401316,3260724
2024-10-22,16110,6.758493988169407,Mordor,Frodo,The Eye of Sauron,1228.2178553416634,3081639.0,1300.525492428301,3276834
2024-10-23,21372,9.130895279896212,Mordor,Frodo,The Eye of Sauron,1237.3487506215597,3103011.0,1309.6563877081974,3298206
2024-10-24,23340,9.422104462448731,Mordor,Frodo,The Eye of Sauron,1246.7708550840084,3126351.0,1319.078492170646,3321546
2024-10-25,24274,10.050366593778838,Mordor,Frodo,The Eye of Sauron,1256.8212216777872,3150625.0,1329.1288587644249,3345820
2024-10-26,11867,4.511745170674527,Mordor,Frodo,The Eye of Sauron,1261.3329668484619,3162492.0,1333.6406039350993,3357687
2024-10-27,16543,6.0742243156660995,Mordor,Frodo,The Eye of Sauron,1267.4071911641279,3179035.0,1339.7148282507653,3374230
2024-10-28,12475,5.180182954335764,Mordor,Frodo,The Eye of Sauron,1272.5873741184637,3191510.0,1344.8950112051011,3386705
2024-10-29,64,0.01224710499052369,Mordor,Frodo,The Eye of Sauron,1272.5996212234543,3191574.0,1344.9072583100917,3386769
2024-10-30,3023,1.1276865921513255,Mordor,Frodo,The Eye of Sauron,1273.7273078156054,3194597.0,1346.034944902243,3389792
2024-10-31,9941,4.046464691367793,Mordor,Frodo,The Eye of Sauron,1277.7737725069733,3204538.0,1350.081409593611,3399733
2024-11-01,22623,9.415355587805832,Mordor,Frodo,The Eye of Sauron,1287.189128094779,3227161.0,1359.4967651814168,3422356
2024-11-02,19514,8.146889889517672,Mordor,Frodo,The Eye of Sauron,1295.3360179842969,3246675.0,1367.6436550709345,3441870
2024-11-03,17027,6.204042603470509,Mordor,Frodo,The Eye of Sauron,1301.5400605877674,3263702.0,1373.847697674405,3458897
2024-11-04,16795,6.91427230010235,Mordor,Frodo,The Eye of Sauron,1308.4543328878697,3280497.0,1380.7619699745073,3475692
2024-11-05,7355,2.4408837369030802,Mordor,Frodo,The Eye of Sauron,1310.8952166247727,3287852.0,1383.2028537114104,3483047
2024-11-06,3176,1.0614132775230882,Mordor,Frodo,The Eye of Sauron,1311.9566299022958,3291028.0,1384.2642669889335,3486223
2024-11-07,25558,9.943947295282486,Mordor,Frodo,The Eye of Sauron,1321.9005771975783,3316586.0,1394.208214284216,3511781
2024-11-08,3900,1.5189849873523653,Mordor,Frodo,The Eye of Sauron,1323.4195621849308,3320486.0,1395.7271992715682,3515681
2024-11-09,20794,7.764653651999766,Mordor,Frodo,The Eye of Sauron,1331.1842158369304,3341280.0,1403.491852923568,3536475
2024-11-10,29132,11.272829865955028,Mordor,Frodo,The Eye of Sauron,1342.4570457028856,3370412.0,1414.764682789523,3565607
2024-11-11,18031,7.44423627844738,Mordor,Frodo,The Eye of Sauron,1349.9012819813329,3388443.0,1422.2089190679703,3583638
2024-11-12,21168,8.906160705441508,Mordor,Frodo,The Eye of Sauron,1358.8074426867743,3409611.0,1431.115079773412,3604806
2024-11-13,11618,4.740048196459321,Mordor,Frodo,The Eye of Sauron,1363.5474908832336,3421229.0,1435.8551279698713,3616424
2024-11-14,14896,6.241931501320895,Mordor,Frodo,The Eye of Sauron,1369.7894223845547,3436125.0,1442.0970594711923,3631320
2024-11-15,8290,3.3873631967215636,Mordor,Frodo,The Eye of Sauron,1373.1767855812761,3444415.0,1445.4844226679138,3639610
2024-11-16,16119,6.259292828753362,Mordor,Frodo,The Eye of Sauron,1379.4360784100295,3460534.0,1451.7437154966672,3655729
2024-11-17,19030,7.46345366877638,Mordor,Frodo,The Eye of Sauron,1386.8995320788058,3479564.0,1459.2071691654435,3674759
2024-11-18,7589,2.9233496901454155,Mordor,Frodo,The Eye of Sauron,1389.8228817689512,3487153.0,1462.130518855589,3682348
2024-11-19,11308,4.54458538397432,Mordor,Frodo,The Eye of Sauron,1394.3674671529257,3498461.0,1466.675104239563,3693656
2024-11-20,26591,11.036644522897967,Mordor,Frodo,The Eye of Sauron,1405.4041116758235,3525052.0,1477.711748762461,3720247
2024-11-21,24487,10.080149578732287,Mordor,Frodo,The Eye of Sauron,1415.4842612545558,3549539.0,1487.7918983411932,3744734
2024-11-22,28993,12.033509923165681,Mordor,Frodo,The Eye of Sauron,1427.5177711777217,3578532.0,1499.8254082643589,3773727
2024-11-23,22609,9.393890186781944,Mordor,Frodo,The Eye of Sauron,1436.9116613645035,3601141.0,1509.2192984511407,3796336
2024-11-24,27930,10.794960400966973,Mordor,Frodo,The Eye of Sauron,1447.7066217654706,3629071.0,1520.0142588521078,3824266
2024-11-25,19023,7.925577104832271,Mordor,Frodo,The Eye of Sauron,1455.6321988703028,3648094.0,1527.93983595694,3843289
2024-11-26,27295,11.499520843366513,Mordor,Frodo,The Eye of Sauron,1467.1317197136693,3675389.0,1539.4393568003065,3870584
2024-11-27,20795,8.637991905343853,Mordor,Frodo,The Eye of Sauron,1475.7697116190132,3696184.0,1548.0773487056504,3891379
2024-11-28,31407,13.027712783419297,Mordor,Frodo,The Eye of Sauron,1488.7974244024324,3727591.0,1561.1050614890696,3922786
2024-11-29,16361,7.0218718848110555,Mordor,Frodo,The Eye of Sauron,1495.8192962872436,3743952.0,1568.1269333738808,3939147
2024-11-30,4685,1.7614277346061524,Mordor,Frodo,The Eye of Sauron,1497.5807240218496,3748637.0,1569.8883611084868,3943832
2024-12-01,22116,8.435118050463204,Mordor,Frodo,The Eye of Sauron,1506.0158420723128,3770753.0,1578.32347915895,3965948
2024-12-02,37490,15.686238313068628,Mordor,Frodo,The Eye of Sauron,1521.7020803853814,3808243.0,1594.0097174720186,4003438
2024-12-03,21905,9.134615067788618,Mordor,Frodo,The Eye of Sauron,1530.83669545317,3830148.0,1603.1443325398072,4025343
2024-12-04,21740,8.607598853637226,Mordor,Frodo,Mordor,1539.4442943068073,3851888.0,1611.7519313934445,4047083
2024-12-05,27783,11.849664961710236,Mordor,Frodo,Mordor,1551.2939592685175,3879671.0,1623.6015963551547,4074866
2024-12-06,1917,0.7112087953878977,Mordor,Frodo,Mordor,1552.0051680639053,3881588.0,1624.3128051505425,4076783
2024-12-07,25704,10.723069024163973,Mordor,Frodo,Mordor,1562.7282370880694,3907292.0,1635.0358741747066,4102487
2024-12-08,16643,5.984231969868043,Mordor,Frodo,Mordor,1568.7124690579374,3923935.0,1641.0201061445746,4119130
2024-12-09,36488,14.74297983392458,Mordor,Frodo,Mordor,1583.455448891862,3960423.0,1655.7630859784992,4155618
2024-12-10,25632,10.582147722049102,Mordor,Frodo,Mordor,1594.037596613911,3986055.0,1666.3452337005483,4181250
2024-12-11,16731,6.622561093702037,Mordor,Frodo,Mordor,1600.660157707613,4002786.0,1672.9677947942503,4197981
2024-12-12,17642,7.182271435550433,Mordor,Frodo,Mordor,1607.8424291431636,4020428.0,1680.1500662298008,4215623
2024-12-13,18971,7.759334417516334,Mordor,Frodo,Mordor,1615.60176356068,4039399.0,1687.9094006473172,4234594
2024-12-14,16376,6.894651226430916,Mordor,Frodo,Mordor,1622.4964147871108,4055775.0,1694.804051873748,4250970
2024-12-15,26773,10.594784348550146,Mordor,Frodo,Mordor,1633.091199135661,4082548.0,1705.398836222298,4277743
2024-12-16,23727,9.984097356400584,Mordor,Frodo,Mordor,1643.0752964920616,4106275.0,1715.3829335786986,4301470
2024-12-17,33194,13.544966451276293,Mordor,Frodo,Mordor,1656.6202629433378,4139469.0,1728.9279000299748,4334664
2024-12-18,30209,12.715587953731989,Mordor,Frodo,Mordor,1669.3358508970698,4169678.0,1741.6434879837068,4364873
2024-12-19,22035,9.17828068574626,Mordor,Frodo,Mordor,1678.5141315828162,4191713.0,1750.8217686694531,4386908
2024-12-20,34777,14.901438117736669,Mordor,Frodo,Mordor,1693.4155697005529,4226490.0,1765.7232067871898,4421685
2024-12-21,25624,10.897739330462457,Mordor,Frodo,Mordor,1704.3133090310153,4252114.0,1776.6209461176522,4447309
2024-12-22,24952,9.92882651835526,Mordor,Frodo,Mordor,1714.2421355493705,4277066.0,1786.5497726360074,4472261
2024-12-23,22202,9.252908178351122,Mordor,Frodo,Mordor,1723.4950437277216,4299268.0,1795.8026808143586,4494463
2024-12-24,19331,8.047301302497862,Mordor,Frodo,Mordor,1731.5423450302194,4318599.0,1803.8499821168564,4513794
2024-12-25,16867,7.082630756072648,Mordor,Frodo,Mordor,1738.6249757862922,4335466.0,1810.932612872929,4530661
2024-12-26,17260,7.083803608036752,Mordor,Frodo,Mordor,1745.708779394329,4352726.0,1818.0164164809657,4547921
2024-12-27,16778,7.120881927356491,Mordor,Frodo,Mordor,1752.8296613216853,4369504.0,1825.1372984083223,4564699
2024-12-28,19835,8.175703342065916,Mordor,Frodo,Mordor,1761.0053646637514,4389339.0,1833.3130017503881,4584534
2024-12-29,16083,6.608492495270673,Mordor,Frodo,Mordor,1767.613857159022,4405422.0,1839.9214942456588,4600617
2024-12-30,19540,7.860842328072318,Mordor,Frodo,Mordor,1775.4746994870943,4424962.0,1847.782336573731,4620157
2024-12-31,15174,6.202750235490427,Mordor,Frodo,Mordor,1781.6774497225847,4440136.0,1853.9850868092215,4635331
2025-01-01,16326,6.582865567989801,Mordor,Frodo,Mordor,1788.2603152905745,4456462.0,1860.5679523772112,4651657
2025-01-02,11353,4.490103430998493,Mordor,Frodo,Mordor,1792.750418721573,4467815.0,1865.0580558082097,4663010
2025-01-03,8429,3.186012924684164,Mordor,Frodo,Mordor,1795.9364316462572,4476244.0,1868.2440687328938,4671439
2025-01-04,7889,3.227905987704789,Mordor,Frodo,Mordor,1799.164337633962,4484133.0,1871.4719747205986,4679328
2025-01-05,8428,3.144866608213168,Mordor,Frodo,Mordor,1802.3092042421752,4492561.0,1874.6168413288117,4687756
2025-01-06,32817,13.89421302606923,Mordor,Frodo,Mordor,1816.2034172682443,4525378.0,1888.511054354881,4720573
2025-01-07,16397,6.841734088203652,Mordor,Frodo,Mordor,1823.045151356448,4541775.0,1895.3527884430846,4736970
2025-01-08,7533,3.009172071711583,,,,,,1898.3619605147962,4744503
2025-01-09,15606,6.458237326912313,,,,,,1904.8201978417085,4760109
2025-01-10,9763,4.020282816934437,,,,,,1908.840480658643,4769872
2025-01-11,6354,2.599244105440274,,,,,,1911.4397247640832,4776226
2025-01-12,19468,7.366748808051123,,,,,,1918.8064735721343,4795694
2025-01-13,13845,5.6578861379888545,,,,,,1924.4643597101233,4809539
2025-01-14,7210,3.003375453542331,Return,Aragorn,Rohan,3.003375453542331,7210.0,1927.4677351636656,4816749
2025-01-15,15257,6.260691856714449,Return,Aragorn,Rohan,9.264067310256781,22467.0,1933.72842702038,4832006
2025-01-16,9089,3.7069767782047727,Return,Aragorn,Rohan,12.971044088461554,31556.0,1937.4354037985847,4841095
2025-01-17,23552,9.776234692652508,Return,Aragorn,Rohan,22.747278781114062,55108.0,1947.2116384912372,4864647
2025-01-18,18558,7.364455639125373,Return,Aragorn,Rohan,30.111734420239436,73666.0,1954.5760941303627,4883205
2025-01-19,18354,6.7433994144393665,Return,Aragorn,Rohan,36.8551338346788,92020.0,1961.319493544802,4901559
2025-01-20,22527,9.275485846640422,Return,Aragorn,Rohan,46.130619681319224,114547.0,1970.5949793914424,4924086
2025-01-21,11468,4.582818392364912,Return,Aragorn,Rohan,50.71343807368413,126015.0,1975.1777977838074,4935554
2025-01-22,8939,3.5839572089567024,Return,Aragorn,Rohan,54.297395282640835,134954.0,1978.761754992764,4944493
2025-01-23,10898,4.4099211789967026,Return,Aragorn,Rohan,58.70731646163754,145852.0,1983.1716761717607,4955391
2025-01-24,36338,15.018173675492486,Return,Aragorn,Rohan,73.72549013713002,182190.0,1998.1898498472533,4991729
2025-01-25,22766,9.393211121918771,Return,Aragorn,Rohan,83.11870125904879,204956.0,2007.583060969172,5014495
2025-01-26,22606,8.554102201808915,Return,Aragorn,Rohan,91.67280346085771,227562.0,2016.137163170981,5037101
2025-01-27,18353,7.52084765170101,Return,Aragorn,Rohan,99.19365111255873,245915.0,2023.658010822682,5055454
2025-01-28,20527,8.655596774037221,Return,Aragorn,Rohan,107.84924788659595,266442.0,2032.313607596719,5075981
2025-01-29,16481,6.764817636510214,Return,Aragorn,Rohan,114.61406552310616,282923.0,2039.0784252332294,5092462
2025-01-30,13362,5.523490110531103,Return,Aragorn,Rohan,120.13755563363726,296285.0,2044.6019153437605,5105824
2025-01-31,8061,3.296682722848803,Return,Aragorn,Rohan,123.43423835648606,304346.0,2047.8985980666093,5113885
2025-02-01,16600,6.923721336651223,Return,Aragorn,Rohan,130.35795969313727,320946.0,2054.8223194032607,5130485
2025-02-02,17443,6.70503857334158,Return,Aragorn,Rohan,137.06299826647887,338389.0,2061.527357976602,5147928
2025-02-03,14954,6.048042334483037,Return,Aragorn,Rohan,143.1110406009619,353343.0,2067.575400311085,5162882
2025-02-04,1593,0.5093496151289091,Return,Aragorn,Rohan,143.6203902160908,354936.0,2068.084749926214,5164475
2025-02-05,3164,1.044453424989184,Return,Aragorn,Rohan,144.66484364107998,358100.0,2069.129203351203,5167639
2025-02-06,2955,1.0028319605785618,Return,Aragorn,Rohan,145.66767560165857,361055.0,2070.1320353117817,5170594
2025-02-07,10551,3.944932562170932,Return,Aragorn,Rohan,149.6126081638295,371606.0,2074.0769678739525,5181145
2025-02-08,5094,1.758592492376722,Return,Aragorn,Rohan,151.3712006562062,376700.0,2075.8355603663294,5186239
2025-02-09,24174,9.438212398051672,Return,Aragorn,Rohan,160.80941305425787,400874.0,2085.273772764381,5210413
2025-02-10,23747,9.746739311666166,Return,Aragorn,Rohan,170.55615236592405,424621.0,2095.0205120760475,5234160
2025-02-11,13459,5.280929153139469,Return,Aragorn,Rohan,175.83708151906353,438080.0,2100.301441229187,5247619
2025-02-12,21812,9.102413356846121,Return,Aragorn,Rohan,184.93949487590965,459892.0,2109.403854586033,5269431
2025-02-13,14587,5.895892416608904,Return,Aragorn,Rohan,190.83538729251853,474479.0,2115.299747002642,5284018
2025-02-14,7159,2.916838946376661,Return,Aragorn,Rohan,193.75222623889522,481638.0,2118.2165859490187,5291177
2025-02-15,7761,3.05836451506856,Return,Aragorn,Rohan,196.81059075396377,489399.0,2121.2749504640874,5298938
2025-02-16,13476,4.855775445325846,Return,Aragorn,Rohan,201.6663661992896,502875.0,2126.1307259094133,5312414
2025-02-17,17839,7.316847124743775,Return,Aragorn,Rohan,208.9832133240334,520714.0,2133.447573034157,5330253
2025-02-18,10977,4.524553800776139,Return,Aragorn,Rohan,213.50776712480953,531691.0,2137.972126834933,5341230
2025-02-19,11675,4.832295783191419,Return,Aragorn,Rohan,218.34006290800096,543366.0,2142.8044226181246,5352905
2025-02-20,10306,4.22889043536634,Return,Aragorn,Rohan,222.5689533433673,553672.0,2147.033313053491,5363211
2025-02-21,7481,2.986549512817519,Return,Aragorn,Rohan,225.5555028561848,561153.0,2150.0198625663083,5370692
2025-02-22,7389,2.8727307970331366,Return,Aragorn,Rohan,228.42823365321794,568542.0,2152.8925933633413,5378081
2025-02-23,14909,5.599252321429315,Return,Aragorn,Rohan,234.02748597464725,583451.0,2158.491845684771,5392990
2025-02-24,17102,7.101595398667656,Return,Aragorn,Rohan,241.1290813733149,600553.0,2165.5934410834384,5410092
2025-02-25,16317,6.7954942683733375,Return,Aragorn,Rohan,247.92457564168825,616870.0,2172.3889353518116,5426409
2025-02-26,10194,4.087904641072042,Return,Aragorn,Rohan,252.0124802827603,627064.0,2176.4768399928835,5436603
2025-02-27,13420,5.451019661704077,Return,Aragorn,Rohan,257.4634999444644,640484.0,2181.9278596545873,5450023
2025-02-28,13458,5.343859212803752,Return,Aragorn,Rohan,262.80735915726814,653942.0,2187.271718867391,5463481
2025-03-01,14105,5.584005776489514,Return,Aragorn,Rohan,268.39136493375764,668047.0,2192.8557246438804,5477586
2025-03-02,15991,6.232517229457745,Return,Aragorn,Rohan,274.6238821632154,684038.0,2199.088241873338,5493577
2025-03-03,30818,12.866174950885162,Return,Aragorn,Rohan,287.4900571141005,714856.0,2211.9544168242232,5524395
2025-03-04,6532,2.722638192277846,Return,Aragorn,Rohan,290.2126953063784,721388.0,2214.677055016501,5530927
2025-03-05,18213,7.781663205800724,Return,Aragorn,Rohan,297.99435851217913,739601.0,2222.4587182223017,5549140
2025-03-06,36369,15.111423027203601,Return,Aragorn,Rohan,313.1057815393827,775970.0,2237.5701412495055,5585509
2025-03-07,18653,7.687573735060134,Return,Aragorn,Rohan,320.79335527444283,794623.0,2245.2577149845656,5604162
2025-03-08,9564,3.7412652111583595,Return,Aragorn,Rohan,324.5346204856012,804187.0,2248.998980195724,5613726
2025-03-09,22513,8.419049408094995,Return,Aragorn,Rohan,332.9536698936962,826700.0,2257.418029603819,5636239
2025-03-10,7778,3.201183532249326,Return,Aragorn,Rohan,336.15485342594553,834478.0,2260.619213136068,5644017
2025-03-11,11976,4.9692685606688904,Return,Aragorn,Rohan,341.1241219866144,846454.0,2265.588481696737,5655993
2025-03-12,13483,5.4578402082119775,Return,Aragorn,Rohan,346.5819621948264,859937.0,2271.046321904949,5669476
2025-03-13,5484,2.2894584607146835,Return,Aragorn,Rohan,348.8714206555411,865421.0,2273.3357803656636,5674960
2025-03-14,6691,2.667689756811633,Return,Aragorn,Rohan,351.5391104123527,872112.0,2276.0034701224754,5681651
2025-03-15,3527,1.3921094202576598,Return,Aragorn,Rohan,352.9312198326104,875639.0,2277.3955795427332,5685178
2025-03-16,22193,8.564551154734266,Return,Aragorn,Rohan,361.49577098734466,897832.0,2285.9601306974673,5707371
2025-03-17,13958,5.505248186637876,Return,Aragorn,Rohan,367.0010191739825,911790.0,2291.465378884105,5721329
2025-03-18,11492,4.6209589209450845,Return,Aragorn,Rohan,371.6219780949276,923282.0,2296.0863378050503,5732821
2025-03-19,27389,11.94427415516496,Return,Aragorn,Rohan,383.56625225009253,950671.0,2308.030611960215,5760210
2025-03-20,17587,7.36906552483653,Return,Aragorn,Rohan,390.9353177749291,968258.0,2315.3996774850516,5777797
2025-03-21,13849,5.53579425775904,Return,Aragorn,Rohan,396.47111203268815,982107.0,2320.9354717428105,5791646
2025-03-22,21160,8.765418094758193,Return,Aragorn,Rohan,405.2365301274463,1003267.0,2329.700889837569,5812806
2025-03-23,17825,6.569589221537499,Return,Aragorn,Rohan,411.8061193489838,1021092.0,2336.2704790591065,5830631
2025-03-24,15914,6.622274166977072,Return,Aragorn,Rohan,418.4283935159609,1037006.0,2342.8927532260836,5846545
2025-03-25,13402,5.647475805413601,Return,Aragorn,Rohan,424.0758693213745,1050408.0,2348.5402290314973,5859947
2025-03-26,14634,6.1645575241082184,Return,Aragorn,Rohan,430.2404268454827,1065042.0,2354.7047865556056,5874581
2025-03-27,8201,3.321701791495836,Return,Aragorn,Rohan,433.56212863697857,1073243.0,2358.0264883471013,5882782
2025-03-28,14442,5.954231214654096,Return,Aragorn,Rohan,439.51635985163267,1087685.0,2363.9807195617554,5897224
2025-03-29,15074,6.19841486020459,Return,Aragorn,Rohan,445.7147747118372,1102759.0,2370.17913442196,5912298
2025-03-30,14322,4.932660934432693,Return,Aragorn,Helm's Deep,450.6474356462699,1117081.0,2375.1117953563926,5926620
2025-03-31,18293,7.433057901335838,Return,Aragorn,Helm's Deep,458.0804935476058,1135374.0,2382.5448532577284,5944913
2025-04-01,11495,4.748817242086545,Return,Aragorn,Helm's Deep,462.82931078969233,1146869.0,2387.293670499815,5956408
2025-04-02,14082,5.950852438744104,Return,Aragorn,Helm's Deep,468.78016322843644,1160951.0,2393.2445229385594,5970490
2025-04-03,12122,5.219863899750616,Return,Aragorn,Helm's Deep,474.000027128187,1173073.0,2398.46438683831,5982612
2025-04-04,12681,5.282840765313688,Return,Aragorn,Helm's Deep,479.28286789350074,1185754.0,2403.7472276036237,5995293
2025-04-05,20117,8.402972120004629,Return,Aragorn,Helm's Deep,487.68584001350536,1205871.0,2412.1501997236282,6015410
2025-04-06,18472,6.960483488944906,Return,Aragorn,Helm's Deep,494.64632350245023,1224343.0,2419.1106832125733,6033882
2025-04-07,7705,3.1843454972832834,Return,Aragorn,Helm's Deep,497.8306689997335,1232048.0,2422.2950287098565,6041587
2025-04-08,13250,5.1444710783682845,Return,Aragorn,Helm's Deep,502.97514007810184,1245298.0,2427.439499788225,6054837
2025-04-09,12264,5.0477655865328215,Return,Aragorn,Helm's Deep,508.02290566463466,1257562.0,2432.487265374758,6067101
2025-04-10,16893,6.545584613655636,Return,Aragorn,Helm's Deep,514.5684902782903,1274455.0,2439.0328499884135,6083994
2025-04-11,22882,8.773542711895743,Return,Aragorn,Helm's Deep,523.342032990186,1297337.0,2447.8063927003095,6106876
2025-04-12,6792,2.8235261713882247,Return,Aragorn,Helm's Deep,526.1655591615743,1304129.0,2450.6299188716976,6113668
2025-04-13,17291,6.290219229841277,Return,Aragorn,Helm's Deep,532.4557783914155,1321420.0,2456.9201381015387,6130959
2025-04-14,8580,3.5851152136049094,Return,Aragorn,Helm's Deep,536.0408936050204,1330000.0,2460.5052533151434,6139539
2025-04-15,7653,3.134881809586734,Return,Aragorn,Helm's Deep,539.1757754146072,1337653.0,2463.64013512473,6147192
2025-04-16,14414,5.823014518481572,Return,Aragorn,Helm's Deep,544.9987899330887,1352067.0,2469.4631496432116,6161606
2025-04-17,12688,5.289611995185643,Return,Aragorn,Helm's Deep,550.2884019282744,1364755.0,2474.7527616383973,6174294
2025-04-18,14242,5.874476950187319,Return,Aragorn,Helm's Deep,556.1628788784617,1378997.0,2480.6272385885845,6188536
2025-04-19,10953,4.237913383203527,Return,Aragorn,Helm's Deep,560.4007922616652,1389950.0,2484.8651519717882,6199489
2025-04-20,26346,10.311670936448994,Return,Aragorn,Helm's Deep,570.7124631981143,1416296.0,2495.176822908237,6225835
2025-04-21,16472,6.444534781552398,Return,Aragorn,Helm's Deep,577.1569979796666,1432768.0,2501.6213576897894,6242307
2025-04-22,15344,6.080603741270384,Return,Aragorn,Helm's Deep,583.237601720937,1448112.0,2507.7019614310598,6257651
2025-04-23,18447,6.925638849230962,Return,Aragorn,Helm's Deep,590.163240570168,1466559.0,2514.6276002802906,6276098
2025-04-24,19352,7.925438582505818,Return,Aragorn,Helm's Deep,598.0886791526738,1485911.0,2522.5530388627963,6295450
2025-04-25,10816,4.491850214229506,Return,Aragorn,Helm's Deep,602.5805293669033,1496727.0,2527.044889077026,6306266
2025-04-26,5063,2.012378472143814,Return,Aragorn,Helm's Deep,604.5929078390471,1501790.0,2529.0572675491694,6311329
2025-04-27,19595,7.368219665327222,Return,Aragorn,Helm's Deep,611.9611275043743,1521385.0,2536.4254872144966,6330924
2025-04-28,17483,7.249203532212982,Return,Aragorn,Helm's Deep,619.2103310365873,1538868.0,2543.6746907467095,6348407
2025-04-29,8684,3.6026812892009743,Return,Aragorn,Helm's Deep,622.8130123257882,1547552.0,2547.2773720359105,6357091
2025-04-30,5615,2.264398702607045,Return,Aragorn,Helm's Deep,625.0774110283953,1553167.0,2549.5417707385177,6362706
2025-05-01,19671,7.490267465041576,Return,Aragorn,Helm's Deep,632.5676784934369,1572838.0,2557.0320382035593,6382377
2025-05-02,21759,9.027791377500197,Return,Aragorn,Helm's Deep,641.5954698709371,1594597.0,2566.0598295810596,6404136
2025-05-03,16191,6.606230748738644,Return,Aragorn,Helm's Deep,648.2017006196758,1610788.0,2572.6660603297983,6420327
2025-05-04,20603,7.642469407289688,Return,Aragorn,Helm's Deep,655.8441700269655,1631391.0,2580.308529737088,6440930
2025-05-05,17290,7.171645061484095,Return,Aragorn,Helm's Deep,663.0158150884495,1648681.0,2587.480174798572,6458220
2025-05-06,15902,6.462743598847382,Return,Aragorn,Helm's Deep,669.4785586872969,1664583.0,2593.9429183974194,6474122
2025-05-07,21624,8.6217274568065,Return,Aragorn,Helm's Deep,678.1002861441034,1686207.0,2602.564645854226,6495746
2025-05-08,14550,5.83309330538159,Return,Aragorn,Helm's Deep,683.933379449485,1700757.0,2608.3977391596077,6510296
2025-05-09,12039,4.954339898718093,Return,Aragorn,Helm's Deep,688.8877193482031,1712796.0,2613.3520790583257,6522335
2025-05-10,20707,8.345693018537768,Return,Aragorn,Helm's Deep,697.2334123667408,1733503.0,2621.6977720768637,6543042
2025-05-11,15642,5.675676810573509,Return,Aragorn,Helm's Deep,702.9090891773144,1749145.0,2627.373448887437,6558684
2025-05-12,14937,6.019314174496944,Return,Aragorn,Helm's Deep,708.9284033518113,1764082.0,2633.392763061934,6573621
2025-05-13,7606,3.0598736025109514,Return,Aragorn,Helm's Deep,711.9882769543223,1771688.0,2636.452636664445,6581227
2025-05-14,15101,6.341388118931774,Return,Aragorn,Helm's Deep,718.3296650732541,1786789.0,2642.7940247833767,6596328
2025-05-15,11667,4.655816262363992,Return,Aragorn,Helm's Deep,722.985481335618,1798456.0,2647.449841045741,6607995
2025-05-16,18479,7.288792735082097,Return,Aragorn,Helm's Deep,730.2742740707001,1816935.0,2654.738633780823,6626474
2025-05-17,16490,6.037695223687641,Return,Aragorn,Helm's Deep,736.3119692943877,1833425.0,2660.7763290045104,6642964
2025-05-18,13857,4.975739470504774,Return,Aragorn,Helm's Deep,741.2877087648925,1847282.0,2665.752068475015,6656821
2025-05-19,10589,4.141269722740874,Return,Aragorn,Helm's Deep,745.4289784876335,1857871.0,2669.8933381977563,6667410
2025-05-20,1093,0.3792461611184167,Return,Aragorn,Helm's Deep,745.8082246487519,1858964.0,2670.2725843588746,6668503
2025-05-21,8079,3.049238693167967,Return,Aragorn,Helm's Deep,748.8574633419198,1867043.0,2673.3218230520424,6676582
2025-05-22,1000,0.3336139390963658,Return,Aragorn,Helm's Deep,749.1910772810162,1868043.0,2673.6554369911387,6677582
2025-05-23,6395,2.4855692757825807,Return,Aragorn,Helm's Deep,751.6766465567988,1874438.0,2676.141006266921,6683977
2025-05-24,7160,2.8682852502123874,Return,Aragorn,Helm's Deep,754.5449318070112,1881598.0,2679.0092915171335,6691137
2025-05-25,18537,6.798637468480498,Return,Aragorn,Helm's Deep,761.3435692754916,1900135.0,2685.807928985614,6709674
2025-05-26,24274,9.624742316280704,Return,Aragorn,Helm's Deep,770.9683115917724,1924409.0,2695.432671301895,6733948
2025-05-27,19786,7.781341028737517,Return,Aragorn,Helm's Deep,778.7496526205099,1944195.0,2703.2140123306326,6753734
2025-05-28,18247,7.40718398015564,Return,Aragorn,Helm's Deep,786.1568366006655,1962442.0,2710.621196310788,6771981
2025-05-29,18648,7.558568783479379,Return,Aragorn,Helm's Deep,793.7154053841449,1981090.0,2718.1797650942676,6790629
2025-05-30,10630,4.251508699496228,Return,Aragorn,Helm's Deep,797.9669140836411,1991720.0,2722.431273793764,6801259
2025-05-31,11688,4.392713769015282,Return,Aragorn,Helm's Deep,802.3596278526563,2003408.0,2726.823987562779,6812947
2025-06-01,21126,7.846301683070513,Return,Aragorn,Helm's Deep,810.2059295357269,2024534.0,2734.6702892458497,6834073
2025-06-02,24570,10.361118203146042,Return,Aragorn,Helm's Deep,820.5670477388729,2049104.0,2745.0314074489957,6858643
2025-06-03,8012,3.2971944691702286,Return,Aragorn,Helm's Deep,823.8642422080432,2057116.0,2748.328601918166,6866655
2025-06-04,20254,8.396638444010371,Return,Aragorn,Helm's Deep,832.2608806520535,2077370.0,2756.7252403621765,6886909
2025-06-05,26462,10.99873304427747,Return,Aragorn,Gondor,843.259613696331,2103832.0,2767.7239734064538,6913371
2025-06-06,9376,3.8685677458260237,Return,Aragorn,Gondor,847.128181442157,2113208.0,2771.59254115228,6922747
2025-06-07,11847,5.059540069740867,Return,Aragorn,Gondor,852.1877215118978,2125055.0,2776.6520812220206,6934594
2025-06-08,20722,7.746591773380401,Return,Aragorn,Gondor,859.9343132852783,2145777.0,2784.398672995401,6955316
2025-06-09,37080,15.229648890473205,Return,Aragorn,Gondor,875.1639621757515,2182857.0,2799.628321885874,6992396
2025-06-10,24806,10.43509001150018,Return,Aragorn,Gondor,885.5990521872517,2207663.0,2810.063411897374,7017202
2025-06-11,17203,7.129029378955146,Return,Aragorn,Gondor,892.7280815662068,2224866.0,2817.192441276329,7034405
2025-06-12,22541,9.467015920051491,Return,Aragorn,Gondor,902.1950974862583,2247407.0,2826.6594571963806,7056946
2025-06-13,26864,11.245473981744414,Return,Aragorn,Gondor,913.4405714680028,2274271.0,2837.904931178125,7083810
2025-06-14,10284,3.93370166368377,Return,Aragorn,Gondor,917.3742731316866,2284555.0,2841.8386328418087,7094094
2025-06-15,13011,4.705667703919258,Return,Aragorn,Gondor,922.0799408356057,2297566.0,2846.5443005457278,7107105
2025-06-16,15891,6.5490894536133,Return,Aragorn,Gondor,928.629030289219,2313457.0,2853.093389999341,7122996
2025-06-17,16960,7.069343944717685,Return,Aragorn,Gondor,935.6983742339368,2330417.0,2860.162733944059,7139956
2025-06-18,13543,5.5489476546199805,Return,Aragorn,Gondor,941.2473218885567,2343960.0,2865.7116815986788,7153499
2025-06-19,15894,6.5204093573175665,Return,Aragorn,Gondor,947.7677312458743,2359854.0,2872.2320909559962,7169393
2025-06-20,19595,8.10046752186373,Return,Aragorn,Gondor,955.868198767738,2379449.0,2880.33255847786,7188988
2025-06-21,15969,6.5491510681860206,Return,Aragorn,Gondor,962.417349835924,2395418.0,2886.881709546046,7204957
2025-06-22,21748,8.360489426193269,Return,Aragorn,Gondor,970.7778392621174,2417166.0,2895.2421989722393,7226705
2025-06-23,23205,9.184378216223184,Return,Aragorn,Gondor,979.9622174783404,2440371.0,2904.4265771884625,7249910
2025-06-24,17828,7.49611939019054,Return,Aragorn,Gondor,987.4583368685311,2458199.0,2911.922696578653,7267738
2025-06-25,22524,9.320307936523708,Return,Aragorn,Gondor,996.7786448050548,2480723.0,2921.243004515177,7290262
2025-06-26,22506,9.371306995974784,Return,Aragorn,Gondor,1006.1499518010295,2503229.0,2930.6143115111518,7312768
2025-06-27,16687,7.014581654004083,Return,Aragorn,Gondor,1013.1645334550336,2519916.0,2937.6288931651557,7329455
2025-06-28,11729,4.807245977247643,Return,Aragorn,Gondor,1017.9717794322812,2531645.0,2942.436139142403,7341184
2025-06-29,24097,9.46993526121303,Return,Aragorn,Gondor,1027.4417146934943,2555742.0,2951.906074403616,7365281
2025-06-30,31893,13.39356913010116,Return,Aragorn,Gondor,1040.8352838235955,2587635.0,2965.2996435337172,7397174
2025-07-01,13486,5.700459863527203,Return,Aragorn,Gondor,1046.5357436871227,2601121.0,2971.0001033972444,7410660
2025-07-02,15805,6.49266291184701,Return,Aragorn,Gondor,1053.0284065989697,2616926.0,2977.4927663090916,7426465
2025-07-03,20938,8.72433581647202,Return,Aragorn,Gondor,1061.7527424154416,2637864.0,2986.2171021255635,7447403
2025-07-04,9131,3.653970102410301,Return,Aragorn,Gondor,1065.406712517852,2646995.0,2989.871072227974,7456534
2025-07-05,3964,1.3364110793091097,Return,Aragorn,Gondor,1066.743123597161,2650959.0,2991.207483307283,7460498
2025-07-06,9956,4.023659533989055,Return,Aragorn,Gondor,1070.76678313115,2660915.0,2995.231142841272,7470454
2025-07-07,20892,8.7895576846172,Return,Aragorn,Gondor,1079.5563408157673,2681807.0,3004.020700525889,7491346
2025-07-08,19122,7.828381972535149,Return,Aragorn,Gondor,1087.3847227883025,2700929.0,3011.849082498424,7510468
2025-07-09,24065,9.899116743033636,Return,Aragorn,Gondor,1097.283839531336,2724994.0,3021.7481992414578,7534533
2025-07-10,11011,4.395998419904665,Return,Aragorn,Gondor,1101.6798379512409,2736005.0,3026.1441976613623,7545544
2025-07-11,8470,3.1665811089677196,Return,Aragorn,Gondor,1104.8464190602085,2744475.0,3029.31077877033,7554014
2025-07-12,13341,5.553286493921651,Return,Aragorn,Gondor,1110.3997055541302,2757816.0,3034.864065264252,7567355
2025-07-13,28402,11.12257705750685,Return,Aragorn,Gondor,1121.522282611637,2786218.0,3045.986642321759,7595757
2025-07-14,20648,8.576291786266173,Return,Aragorn,Gondor,1130.0985743979031,2806866.0,3054.5629341080253,7616405
2025-07-15,12933,5.31443358624579,Return,Aragorn,Gondor,1135.413007984149,2819799.0,3059.877367694271,7629338
2025-07-16,23173,9.144999781645177,Return,Aragorn,Gondor,1144.5580077657942,2842972.0,3069.0223674759163,7652511
2025-07-17,17144,7.129386300774531,Return,Aragorn,Gondor,1151.6873940665687,2860116.0,3076.151753776691,7669655
2025-07-18,23900,10.044426268898018,Return,Aragorn,Gondor,1161.7318203354666,2884016.0,3086.196180045589,7693555
2025-07-19,14813,5.949007808386484,Return,Aragorn,Gondor,1167.6808281438532,2898829.0,3092.145187853975,7708368
2025-07-20,21013,7.974875460035665,Return,Aragorn,Gondor,1175.655703603889,2919842.0,3100.1200633140106,7729381
2025-07-21,27244,11.249112172531921,Return,Aragorn,Gondor,1186.9048157764207,2947086.0,3111.3691754865426,7756625
2025-07-22,18266,7.393014928921946,Return,Aragorn,Gondor,1194.2978307053427,2965352.0,3118.7621904154644,7774891
2025-07-23,14555,5.972791078667698,Return,Aragorn,Gondor,1200.2706217840105,2979907.0,3124.734981494132,7789446
2025-07-24,18883,7.8440044344117,Return,Aragorn,Gondor,1208.114626218422,2998790.0,3132.5789859285437,7808329
2025-07-25,10454,4.210959908644947,Return,Aragorn,Gondor,1212.325586127067,3009244.0,3136.7899458371885,7818783
2025-07-26,17053,6.932790777022084,Return,Aragorn,Gondor,1219.2583769040891,3026297.0,3143.7227366142106,7835836
2025-07-27,20838,8.047758368626702,Return,Aragorn,Gondor,1227.306135272716,3047135.0,3151.770494982837,7856674
2025-07-28,27128,10.949682231515006,Return,Aragorn,Gondor,1238.255817504231,3074263.0,3162.720177214352,7883802
2025-07-29,18580,7.364065521586907,Return,Aragorn,Gondor,1245.6198830258177,3092843.0,3170.084242735939,7902382
2025-07-30,18993,7.7609834329030365,Return,Aragorn,Gondor,1253.380866458721,3111836.0,3177.845226168842,7921375
2025-07-31,19794,8.189828112366271,Return,Aragorn,Gondor,1261.570694571087,3131630.0,3186.0350542812084,7941169
2025-08-01,15003,6.22809453814629,Return,Aragorn,Gondor,1267.7987891092334,3146633.0,3192.2631488193547,7956172
2025-08-02,14380,5.67871897580192,Return,Aragorn,Gondor,1273.4775080850352,3161013.0,3197.9418677951567,7970552
2025-08-03,22466,8.65886524052756,Return,Aragorn,Gondor,1282.1363733255628,3183479.0,3206.6007330356842,7993018
2025-08-04,21816,8.729727934058058,Return,Aragorn,Gondor,1290.8661012596208,3205295.0,3215.3304609697425,8014834
2025-08-05,11639,4.697994245787346,Return,Aragorn,Gondor,1295.5640955054082,3216934.0,3220.02845521553,8026473
2025-08-06,14842,5.926318100352158,Return,Aragorn,Gondor,1301.4904136057603,3231776.0,3225.954773315882,8041315
2025-08-07,11746,4.696312105254495,Return,Aragorn,Gondor,1306.1867257110148,3243522.0,3230.6510854211365,8053061
2025-08-08,27879,11.467069609391357,Return,Aragorn,Gondor,1317.6537953204063,3271401.0,3242.1181550305278,8080940
2025-08-09,40076,16.72430369574959,Return,Aragorn,Gondor,1334.3780990161558,3311477.0,3258.8424587262775,8121016
2025-08-10,20027,7.631547739514826,Return,Aragorn,Gondor,1342.0096467556707,3331504.0,3266.474006465792,8141043
2025-08-11,19406,7.817586553105978,Return,Aragorn,Gondor,1349.8272333087766,3350910.0,3274.2915930188983,8160449
2025-08-12,23750,10.042834047586787,Return,Aragorn,Gondor,1359.8700673563635,3374660.0,3284.334427066485,8184199
2025-08-13,14390,5.803860600053412,Return,Aragorn,Gondor,1365.673927956417,3389050.0,3290.1382876665384,8198589
2025-08-14,9731,3.4971200744243873,Return,Aragorn,Gondor,1369.1710480308411,3398781.0,3293.635407740963,8208320
2025-08-15,23308,9.03810420480262,Return,Aragorn,Gondor,1378.2091522356438,3422089.0,3302.6735119457653,8231628
2025-08-16,6494,2.29498529486406,Return,Aragorn,Gondor,1380.504137530508,3428583.0,3304.9684972406294,8238122
2025-08-17,25473,9.899184375474084,Return,Aragorn,Gondor,1390.403321905982,3454056.0,3314.8676816161037,8263595
2025-08-18,21679,8.908285012276627,Return,Aragorn,Gondor,1399.3116069182586,3475735.0,3323.7759666283805,8285274
2025-08-19,33718,14.16596390591496,Return,Aragorn,Gondor,1413.4775708241737,3509453.0,3337.9419305342954,8318992
2025-08-20,31613,12.600923828529776,Return,Aragorn,Gondor,1426.0784946527033,3541066.0,3350.542854362825,8350605
2025-08-21,29910,12.630393834462236,Return,Aragorn,Gondor,1438.7088884871655,3570976.0,3363.173248197287,8380515
2025-08-22,25708,10.60991572971216,Return,Aragorn,Gondor,1449.3188042168777,3596684.0,3373.7831639269994,8406223
2025-08-23,34463,14.329006117546921,Return,Aragorn,Gondor,1463.6478103344248,3631147.0,3388.1121700445465,8440686
2025-08-24,25455,9.936516064155379,Return,Aragorn,Gondor,1473.58432639858,3656602.0,3398.048686108702,8466141
2025-08-25,25452,10.558310973481227,Return,Aragorn,Gondor,1484.1426373720612,3682054.0,3408.606997082183,8491593
2025-08-26,24144,9.40132020987933,Return,Aragorn,Gondor,1493.5439575819405,3706198.0,3418.0083172920627,8515737
2025-08-27,13992,5.330926452761758,,,,,,3423.339243744824,8529729
2025-08-28,8107,3.1520696781566704,,,,,,3426.491313422981,8537836
2025-08-29,8455,3.4328553992827744,,,,,,3429.9241688222637,8546291
2025-08-30,11542,4.7288349947487065,,,,,,3434.6530038170126,8557833
2025-08-31,14774,5.178894199843934,,,,,,3439.8318980168565,8572607
2025-09-01,13901,5.040545253267528,,,,,,3444.872443270124,8586508
2025-09-02,11023,4.268191917430551,,,,,,3449.140635187555,8597531
2025-09-03,3454,1.2809120931715836,,,,,,3450.4215472807264,8600985
2025-09-04,6045,2.3419716673549216,,,,,,3452.763518948081,8607030
2025-09-05,5566,2.132042776115633,,,,,,3454.895561724197,8612596
2025-09-06,1706,0.5474126188788244,,,,,,3455.4429743430755,8614302
2025-09-07,5349,1.8117038099013025,,,,,,3457.254678152977,8619651
2025-09-08,17340,6.68117703801097,,,,,,3463.9358551909877,8636991
2025-09-09,26821,10.715563002682659,,,,,,3474.6514181936705,8663812
2025-09-10,17685,6.69471967033372,,,,,,3481.346137864004,8681497
2025-09-11,8299,3.2281010714920035,,,,,,3484.574238935496,8689796
2025-09-12,3112,1.1394907325872634,,,,,,3485.713729668083,8692908
2025-09-13,3237,1.3060247537643452,,,,,,3487.019754421847,8696145
2025-09-14,17174,6.353173931306113,,,,,,3493.3729283531534,8713319
2025-09-15,5430,2.2016338884490527,,,,,,3495.5745622416025,8718749
2025-09-16,16085,6.080437964771119,,,,,,3501.6550002063736,8734834
2025-09-17,1848,0.6089601202079288,,,,,,3502.2639603265816,8736682
2025-09-18,14922,5.410853214005913,,,,,,3507.6748135405874,8751604
2025-09-19,8727,3.513631310553048,,,,,,3511.1884448511405,8760331
2025-09-20,13857,5.370449109557968,,,,,,3516.5588939606987,8774188
2025-09-21,19375,7.309179396464329,,,,,,3523.868073357163,8793563
2025-09-22,9635,3.2237825580419535,,,,,,3527.091855915205,8803198
2025-09-23,17653,7.296854982532087,,,,,,3534.3887108977374,8820851
2025-09-24,16753,6.9764579386273775,,,,,,3541.365168836365,8837604
2025-09-25,3373,1.3298123447328165,,,,,,3542.694981181098,8840977
2025-09-26,3711,1.3002183379885717,,,,,,3543.9951995190863,8844688
2025-09-27,16251,6.013486482481146,,,,,,3550.0086860015676,8860939
2025-09-28,15515,5.711149413257809,,,,,,3555.7198354148254,8876454
2025-09-29,18304,6.850420402344324,,,,,,3562.5702558171697,8894758
2025-09-30,18299,7.336248660718774,,,,,,3569.9065044778886,8913057
2025-10-01,11709,4.483499699667815,,,,,,3574.3900041775564,8924766
2025-10-02,12132,5.048047162464052,,,,,,3579.4380513400206,8936898
2025-10-03,11997,4.908289760429117,,,,,,3584.3463411004495,8948895
2025-10-04,16478,6.06668636887638,,,,,,3590.4130274693257,8965373
2025-10-05,24691,9.506138377654828,,,,,,3599.9191658469804,8990064
2025-10-06,15785,6.3909146624507125,,,,,,3606.310080509431,9005849
2025-10-07,11578,4.416056954614399,,,,,,3610.726137464045,9017427
2025-10-08,4770,1.768336420945838,,,,,,3612.494473884991,9022197
2025-10-09,8982,3.286282914630796,,,,,,3615.7807567996215,9031179
2025-10-10,18858,7.068691451334146,,,,,,3622.8494482509554,9050037
2025-10-11,29136,11.354043468425768,,,,,,3634.2034917193814,9079173
2025-10-12,16887,6.177518827036369,,,,,,3640.3810105464177,9096060
2025-10-13,26428,10.275579818008186,,,,,,3650.656590364426,9122488
2025-10-14,9816,3.9794287958297683,,,,,,3654.6360191602557,9132304
2025-10-15,13138,5.368987999470556,,,,,,3660.005007159726,9145442
2025-10-16,13477,5.398607134859271,,,,,,3665.403614294585,9158919
2025-10-17,21298,8.077358972094917,,,,,,3673.48097326668,9180217
2025-10-18,7471,2.928337335517021,,,,,,3676.409310602197,9187688
2025-10-19,16273,6.021817472366637,,,,,,3682.4311280745637,9203961
2025-10-20,41965,17.414740424337737,,,,,,3699.8458684989014,9245926
2025-10-21,21050,8.523370802542946,,,,,,3708.3692393014444,9266976
2025-10-22,15978,6.407900131692976,,,,,,3714.7771394331376,9282954
2025-10-23,25609,9.96143040277668,,,,,,3724.7385698359144,9308563
2025-10-24,13286,4.7059589578247385,,,,,,3729.444528793739,9321849
2025-10-25,11983,4.12337204215135,,,,,,3733.5679008358907,9333832
2025-10-26,19046,6.826916915567689,,,,,,3740.3948177514585,9352878
2025-10-27,10559,4.0336808859365245,,,,,,3744.428498637395,9363437
2025-10-28,11160,4.523193897496781,,,,,,3748.9516925348917,9374597
2025-10-29,9096,3.2883930627542353,,,,,,3752.2400855976457,9383693
2025-10-30,11879,4.799037899949637,,,,,,3757.0391234975955,9395572
2025-10-31,18436,6.742890333000847,,,,,,3763.7820138305965,9414008
2025-11-01,20118,7.475431350401273,,,,,,3771.257445180998,9434126
2025-11-02,16087,5.876554125499924,,,,,,3777.1339993064976,9450213
2025-11-03,6630,2.5907108258769562,,,,,,3779.7247101323746,9456843
2025-11-04,7982,3.2063604596343636,,,,,,3782.931070592009,9464825
2025-11-05,13189,5.62328970987438,,,,,,3788.554360301883,9478014
2025-11-06,6540,2.6112649204191096,,,,,,3791.1656252223024,9484554
2025-11-07,9392,3.6541736419560347,,,,,,3794.8197988642582,9493946
2025-11-08,15600,5.787485234298188,,,,,,3800.6072840985566,9509546
2025-11-09,21222,8.111334409020314,,,,,,3808.718618507577,9530768
2025-11-10,25449,10.062613044559109,,,,,,3818.781231552136,9556217
2025-11-11,14636,6.119713401091516,,,,,,3824.9009449532273,9570853
2025-11-12,13080,5.373957660586128,,,,,,3830.2749026138135,9583933
2025-11-13,4467,1.7374839184901123,,,,,,3832.0123865323035,9588400
2025-11-14,1462,0.5667058853287987,,,,,,3832.579092417632,9589862
2025-11-15,15106,5.467730273979737,,,,,,3838.046822691612,9604968
2025-11-16,20368,7.558778602903585,,,,,,3845.6056012945155,9625336
2025-11-17,19452,7.482739142068341,,,,,,3853.088340436584,9644788
2025-11-18,4318,1.7377707655196453,,,,,,3854.8261112021037,9649106
2025-11-19,3272,1.1531470732809006,,,,,,3855.9792582753844,9652378
2025-11-20,9868,3.5270967258211114,,,,,,3859.5063550012055,9662246
2025-11-21,11439,3.86962234363041,,,,,,3863.375977344836,9673685
2025-11-22,15713,5.690916696588967,,,,,,3869.066894041425,9689398
2025-11-23,11631,4.172078742461542,,,,,,3873.2389727838863,9701029
2025-11-24,6780,2.4869638855597747,,,,,,3875.725936669446,9707809
2025-11-25,14718,5.473380436304512,,,,,,3881.1993171057507,9722527
2025-11-26,3257,1.241309979683675,,,,,,3882.4406270854342,9725784
2025-11-27,15560,6.340011452457137,,,,,,3888.7806385378913,9741344
2025-11-28,2346,0.6967944466291853,,,,,,3889.4774329845204,9743690
2025-11-29,2983,1.1651207043490177,,,,,,3890.6425536888696,9746673
2025-11-30,6331,2.0825403214984184,,,,,,3892.725094010368,9753004
2025-12-01,200,0.06200096901452619,,,,,,3892.787094979383,9753204
2025-12-02,80,0.003827220309538654,,,,,,3892.7909221996924,9753284
2025-12-03,2562,0.9485245319886512,,,,,,3893.7394467316813,9755846
2025-12-04,10981,4.37669602934789,,,,,,3898.116142761029,9766827
2025-12-05,250,0.05727156759701587,,,,,,3898.173414328626,9767077
2025-12-06,13110,4.499481585921158,,,,,,3902.6728959145476,9780187
2025-12-07,20585,7.741634000974478,,,,,,3910.414529915522,9800772
2025-12-08,2429,0.8802480217873767,,,,,,3911.2947779373094,9803201
2025-12-09,25,,,,,,,,9803226
2025-12-10,4266,1.6971506493663142,,,,,,3912.991928586676,9807492
2025-12-11,454,0.16294135845453836,,,,,,3913.1548699451305,9807946
2025-12-12,6910,2.7930002221922017,,,,,,3915.947870167323,9814856
2025-12-13,17486,6.517995197083066,,,,,,3922.465865364406,9832342
2025-12-14,13099,4.671561436953517,,,,,,3927.1374268013597,9845441
2025-12-15,10486,3.733172101775126,,,,,,3930.8705989031346,9855927
2025-12-16,15966,5.67794256021796,,,,,,3936.5485414633526,9871893
2025-12-17,3051,0.9820045239279095,,,,,,3937.5305459872807,9874944
2025-12-18,9416,3.7170279548202303,,,,,,3941.247573942101,9884360
2025-12-19,13852,5.610691166889298,,,,,,3946.8582651089905,9898212
2025-12-20,11026,4.434405471448556,,,,,,3951.292670580439,9909238
2025-12-21,10559,4.357906726648374,,,,,,3955.650577307087,9919797
2025-12-22,5615,2.0919885712176924,,,,,,3957.742565878305,9925412
2025-12-23,769,0.22492345369788744,,,,,,3957.967489332003,9926181
2025-12-24,3864,1.39647189476884,,,,,,3959.3639612267716,9930045
2025-12-25,7383,2.56768148168903,,,,,,3961.9316427084605,9937428
2025-12-26,2149,0.6625387164947109,,,,,,3962.594181424955,9939577
2025-12-27,2402,0.8274133649552529,,,,,,3963.42159478991,9941979
2025-12-28,7703,2.6483706234093467,,,,,,3966.0699654133196,9949682
2025-12-29,5153,0.6833366545870833,,,,,,3966.7533020679066,9954835
2025-12-30,16117,4.708346578607163,,,,,,3971.461648646514,9970952
2025-12-31,1886,0.780734000574089,,,,,,3972.242382647088,9972838
2026-01-01,3597,1.2041124584742149,,,,,,3973.4464951055625,9976435
2026-01-02,5254,2.0651336948144334,,,,,,3975.511628800377,9981689
2026-01-03,19175,7.354535781402807,,,,,,3982.8661645817797,10000864
2026-01-04,11388,4.729351967359825,,,,,,3987.5955165491396,10012252
2026-01-05,3318,1.3276633082633584,,,,,,3988.923179857403,10015570
2026-01-06,4190,1.734450278698743,,,,,,3990.6576301361015,10019760
2026-01-07,7571,3.143519298345555,,,,,,3993.801149434447,10027331
2026-01-08,2989,1.0396053289408709,,,,,,3994.840754763388,10030320
2026-01-09,3594,1.4315784778147203,,,,,,3996.2723332412024,10033914
2026-01-10,13138,5.626153984980806,,,,,,4001.898487226183,10047052
2026-01-11,14733,6.0049141142601155,,,,,,4007.903401340443,10061785
2026-01-12,8877,3.6936725410600473,,,,,,4011.597073881503,10070662
2026-01-13,9803,4.146180501453386,,,,,,4015.7432543829564,10080465
2026-01-14,6712,2.6500723060240983,,,,,,4018.3933266889803,10087177
2026-01-15,13709,5.632859050664804,,,,,,4024.026185739645,10100886
2026-01-16,12550,5.284490291020675,,,,,,4029.3106760306655,10113436
2026-01-17,14184,6.244124114721454,,,,,,4035.554800145387,10127620
2026-01-18,20917,8.565131078940063,,,,,,4044.119931224327,10148537
2026-01-19,10594,4.237026392069239,,,,,,4048.3569576163964,10159131
2026-01-20,25199,10.101966504642254,Hobbit,Bilbo,An Unexpected Journey,10.101966504642254,25199.0,4058.4589241210388,10184330
2026-01-21,17996,8.00161511983242,Hobbit,Bilbo,An Unexpected Journey,18.103581624474675,43195.0,4066.460539240871,10202326
2026-01-22,20085,8.633980547145525,Hobbit,Bilbo,An Unexpected Journey,26.737562171620198,63280.0,4075.094519788017,10222411
2026-01-23,34099,14.482857344170245,Hobbit,Bilbo,An Unexpected Journey,41.22041951579045,97379.0,4089.577377132187,10256510
2026-01-24,21660,9.362372244005329,Hobbit,Bilbo,An Unexpected Journey,50.582791759795775,119039.0,4098.939749376193,10278170
2026-01-25,26599,10.581977273315607,Hobbit,Bilbo,An Unexpected Journey,61.164769033111384,145638.0,4109.521726649508,10304769
2026-01-26,17716,7.358902241197503,Hobbit,Bilbo,An Unexpected Journey,68.52367127430888,163354.0,4116.880628890706,10322485
2026-01-27,17647,7.035869093784323,Hobbit,Bilbo,An Unexpected Journey,75.55954036809321,181001.0,4123.916497984491,10340132
2026-01-28,30120,12.644455535661338,Hobbit,Bilbo,An Unexpected Journey,88.20399590375455,211121.0,4136.560953520152,10370252
2026-01-29,28316,12.38969556626878,Hobbit,Bilbo,An Unexpected Journey,100.59369147002333,239437.0,4148.9506490864205,10398568
2026-01-30,14917,5.361185875438614,Hobbit,Bilbo,An Unexpected Journey,105.95487734546194,254354.0,4154.311834961859,10413485
2026-01-31,24358,10.393052117304787,Hobbit,Bilbo,An Unexpected Journey,116.34792946276673,278712.0,4164.704887079164,10437843
2026-02-01,27574,11.701551747121437,Hobbit,Bilbo,An Unexpected Journey,128.04948120988817,306286.0,4176.406438826286,10465417
2026-02-02,18670,7.615807627095012,Hobbit,Bilbo,An Unexpected Journey,135.66528883698317,324956.0,4184.022246453381,10484087
2026-02-03,26185,11.153804043053208,Hobbit,Bilbo,An Unexpected Journey,146.81909288003638,351141.0,4195.176050496434,10510272
2026-02-04,13160,5.578741737353833,Hobbit,Bilbo,An Unexpected Journey,152.39783461739023,364301.0,4200.754792233788,10523432
2026-02-05,3460,1.6678884580670732,Hobbit,Bilbo,An Unexpected Journey,154.0657230754573,367761.0,4202.422680691855,10526892
2026-02-06,8330,3.471637228018206,Hobbit,Bilbo,An Unexpected Journey,157.5373603034755,376091.0,4205.894317919873,10535222
2026-02-07,26529,11.361365336536096,Hobbit,Bilbo,An Unexpected Journey,168.8987256400116,402620.0,4217.25568325641,10561751
2026-02-08,27995,12.296149131626457,Hobbit,Bilbo,An Unexpected Journey,181.19487477163804,430615.0,4229.551832388036,10589746
2026-02-09,6794,2.873169668443024,Hobbit,Bilbo,An Unexpected Journey,184.06804444008108,437409.0,4232.425002056479,10596540
2026-02-10,12323,5.2245388612499974,Hobbit,Bilbo,An Unexpected Journey,189.29258330133106,449732.0,4237.649540917729,10608863
2026-02-11,9368,3.7147383543490924,Hobbit,Bilbo,An Unexpected Journey,193.00732165568016,459100.0,4241.3642792720775,10618231
2026-02-12,10408,4.374497946204898,Hobbit,Bilbo,An Unexpected Journey,197.38181960188507,469508.0,4245.738777218283,10628639
2026-02-13,9250,3.9768404695415756,Hobbit,Bilbo,An Unexpected Journey,201.35866007142664,478758.0,4249.715617687824,10637889
2026-02-14,22914,9.510364338249472,Hobbit,Bilbo,An Unexpected Journey,210.86902440967611,501672.0,4259.225982026073,10660803
2026-02-15,27554,11.573560527167771,Hobbit,Bilbo,An Unexpected Journey,222.44258493684387,529226.0,4270.799542553241,10688357
2026-02-16,22926,9.868738674229188,Hobbit,Bilbo,An Unexpected Journey,232.31132361107308,552152.0,4280.66828122747,10711283
2026-02-17,15277,6.269540219432891,Hobbit,Bilbo,An Unexpected Journey,238.58086383050596,567429.0,4286.937821446903,10726560
2026-02-18,29267,11.561574385660556,Hobbit,Bilbo,An Unexpected Journey,250.1424382161665,596696.0,4298.499395832564,10755827
2026-02-19,23191,9.611005384601196,Hobbit,Bilbo,An Unexpected Journey,259.7534436007677,619887.0,4308.110401217165,10779018
2026-02-20,13704,5.8524218042021285,Hobbit,Bilbo,An Unexpected Journey,265.60586540496985,633591.0,4313.9628230213675,10792722
2026-02-21,25029,10.850469183918452,Hobbit,Bilbo,An Unexpected Journey,276.4563345888883,658620.0,4324.813292205286,10817751
2026-02-22,26279,11.176333187743564,Hobbit,Bilbo,An Unexpected Journey,287.6326677766319,684899.0,4335.98962539303,10844030
2026-02-23,10279,4.174647536667617,Hobbit,Bilbo,An Unexpected Journey,291.80731531329945,695178.0,4340.164272929697,10854309
2026-02-24,9914,4.260353208189686,Hobbit,Bilbo,An Unexpected Journey,296.06766852148917,705092.0,4344.424626137887,10864223
2026-02-25,10177,4.455336439124571,Hobbit,Bilbo,An Unexpected Journey,300.5230049606137,715269.0,4348.879962577012,10874400
2026-02-26,13630,5.827241753434726,Hobbit,Bilbo,An Unexpected Journey,306.35024671404847,728899.0,4354.707204330446,10888030
2026-02-27,26818,11.548603968756634,Hobbit,Bilbo,An Unexpected Journey,317.8988506828051,755717.0,4366.255808299203,10914848
2026-02-28,27367,11.612868333854525,Hobbit,Bilbo,An Unexpected Journey,329.51171901665964,783084.0,4377.8686766330575,10942215
2026-03-01,24193,10.107489981419652,Hobbit,Bilbo,An Unexpected Journey,339.6192089980793,807277.0,4387.976166614477,10966408
2026-03-02,15132,6.649972513808988,Hobbit,Bilbo,An Unexpected Journey,346.26918151188823,822409.0,4394.626139128286,10981540
2026-03-03,14851,6.810407526729347,Hobbit,Bilbo,An Unexpected Journey,353.0795890386176,837260.0,4401.436546655015,10996391
2026-03-04,26755,12.146380489999677,Hobbit,Bilbo,An Unexpected Journey,365.22596952861727,864015.0,4413.582927145015,11023146
2026-03-05,21277,9.31340501903665,Hobbit,Bilbo,An Unexpected Journey,374.53937454765395,885292.0,4422.896332164051,11044423
2026-03-06,7610,2.865768931442134,Hobbit,Bilbo,An Unexpected Journey,377.40514347909607,892902.0,4425.762101095494,11052033
2026-03-07,22949,7.842255000569902,Hobbit,Bilbo,An Unexpected Journey,385.24739847966595,915851.0,4433.604356096063,11074982
2026-03-08,9076,2.6150651383877626,Hobbit,Bilbo,An Unexpected Journey,387.8624636180537,924927.0,4436.219421234451,11084058
2026-03-09,25325,10.677471322451884,Hobbit,Bilbo,An Unexpected Journey,398.53993494050565,950252.0,4446.896892556903,11109383
2026-03-10,26608,11.33606369162573,Hobbit,Bilbo,An Unexpected Journey,409.87599863213137,976860.0,4458.232956248529,11135991
2026-03-11,15981,6.752228675667629,Hobbit,Bilbo,An Unexpected Journey,416.62822730779897,992841.0,4464.985184924197,11151972
2026-03-12,22822,9.281354635349242,Hobbit,Bilbo,An Unexpected Journey,425.9095819431482,1015663.0,4474.266539559546,11174794
2026-03-13,20746,9.083766717321058,Hobbit,Bilbo,An Unexpected Journey,434.9933486604693,1036409.0,4483.350306276867,11195540
2026-03-14,24835,10.538572941806168,Hobbit,Bilbo,An Unexpected Journey,445.5319216022755,1061244.0,4493.888879218673,11220375
2026-03-15,27538,11.977385600474783,Hobbit,Bilbo,An Unexpected Journey,457.5093072027502,1088782.0,4505.866264819148,11247913
2026-03-16,22043,9.050562306250766,Hobbit,Bilbo,An Unexpected Journey,466.559869509001,1110825.0,4514.916827125398,11269956
2026-03-17,11331,4.622847516775252,Hobbit,Bilbo,An Unexpected Journey,471.18271702577624,1122156.0,4519.539674642174,11281287
2026-03-18,9534,3.994998030788765,Hobbit,Bilbo,An Unexpected Journey,475.17771505656503,1131690.0,4523.534672672962,11290821
2026-03-19,12977,5.506464217731519,Hobbit,Bilbo,An Unexpected Journey,480.6841792742965,1144667.0,4529.041136890693,11303798
2026-03-20,7498,3.1335549931655593,Hobbit,Bilbo,An Unexpected Journey,483.8177342674621,1152165.0,4532.174691883859,11311296
2026-03-21,18609,7.621109758602007,Hobbit,Bilbo,An Unexpected Journey,491.4388440260641,1170774.0,4539.795801642461,11329905
2026-03-22,28753,12.506498562448094,Hobbit,Bilbo,An Unexpected Journey,503.9453425885122,1199527.0,4552.302300204909,11358658
2026-03-23,26383,10.718191335666132,Hobbit,Bilbo,An Unexpected Journey,514.6635339241783,1225910.0,4563.020491540576,11385041
2026-03-24,11742,4.926462370987587,Hobbit,Bilbo,An Unexpected Journey,519.5899962951659,1237652.0,4567.9469539115635,11396783
2026-03-25,8718,3.797099118447991,Hobbit,Bilbo,An Unexpected Journey,523.3870954136139,1246370.0,4571.744053030012,11405501
2026-03-26,21347,8.526441693680146,Hobbit,Bilbo,An Unexpected Journey,531.913537107294,1267717.0,4580.270494723692,11426848
2026-03-27,17420,7.275560762389609,Hobbit,Bilbo,An Unexpected Journey,539.1890978696837,1285137.0,4587.546055486081,11444268
2026-03-28,15278,6.035138241119799,Hobbit,Bilbo,An Unexpected Journey,545.2242361108034,1300415.0,4593.581193727201,11459546
2026-03-29,17820,6.992187490443187,Hobbit,Bilbo,An Unexpected Journey,552.2164236012467,1318235.0,4600.573381217644,11477366
2026-03-30,32533,13.769342245433709,Hobbit,Bilbo,An Unexpected Journey,565.9857658466804,1350768.0,4614.342723463078,11509899
2026-03-31,20106,8.514715839557123,Hobbit,Bilbo,An Unexpected Journey,574.5004816862374,1370874.0,4622.857439302636,11530005
2026-04-01,25701,10.826936357322035,Hobbit,Bilbo,An Unexpected Journey,585.3274180435595,1396575.0,4633.684375659957,11555706
2026-04-02,26125,11.138369544110931,Hobbit,Bilbo,An Unexpected Journey,596.4657875876704,1422700.0,4644.822745204068,11581831
2026-04-03,9877,4.11515491063925,Hobbit,Bilbo,An Unexpected Journey,600.5809424983097,1432577.0,4648.937900114707,11591708
2026-04-04,25279,11.137669419659803,Hobbit,Bilbo,An Unexpected Journey,611.7186119179695,1457856.0,4660.075569534367,11616987
2026-04-05,19821,8.53740482229103,Hobbit,Bilbo,An Unexpected Journey,620.2560167402605,1477677.0,4668.612974356658,11636808
2026-04-06,11916,4.743352787447036,Hobbit,Bilbo,An Unexpected Journey,624.9993695277076,1489593.0,4673.356327144105,11648724
2026-04-07,27926,11.81909094445353,Hobbit,Bilbo,An Unexpected Journey,636.8184604721611,1517519.0,4685.175418088559,11676650
2026-04-08,38308,15.834574082873173,Hobbit,Bilbo,The Desolation of Smaug,652.6530345550343,1555827.0,4701.009992171433,11714958
2026-04-09,22689,9.668467490071935,Hobbit,Bilbo,The Desolation of Smaug,662.3215020451062,1578516.0,4710.678459661504,11737647
2026-04-10,13355,5.293102515895617,Hobbit,Bilbo,The Desolation of Smaug,667.6146045610018,1591871.0,4715.9715621774,11751002
2026-04-11,22904,9.405175423837719,Hobbit,Bilbo,The Desolation of Smaug,677.0197799848395,1614775.0,4725.376737601238,11773906
2026-04-12,22617,9.307882283119445,Hobbit,Bilbo,The Desolation of Smaug,686.327662267959,1637392.0,4734.684619884358,11796523
2026-04-13,27865,11.277176978014733,Hobbit,Bilbo,The Desolation of Smaug,697.6048392459737,1665257.0,4745.9617968623725,11824388
2026-04-14,30239,12.576490903202991,Hobbit,Bilbo,The Desolation of Smaug,710.1813301491767,1695496.0,4758.538287765576,11854627
2026-04-15,18578,7.407801539805425,Hobbit,Bilbo,The Desolation of Smaug,717.5891316889821,1714074.0,4765.946089305381,11873205
2026-04-16,13111,5.572897544165571,Hobbit,Bilbo,The Desolation of Smaug,723.1620292331477,1727185.0,4771.518986849546,11886316
2026-04-17,9958,4.002799097257166,Hobbit,Bilbo,The Desolation of Smaug,727.1648283304048,1737143.0,4775.521785946804,11896274
2026-04-18,30259,12.202750754673962,Hobbit,Bilbo,The Desolation of Smaug,739.3675790850788,1767402.0,4787.7245367014775,11926533
2026-04-19,31087,13.298957170009992,Hobbit,Bilbo,The Desolation of Smaug,752.6665362550888,1798489.0,4801.0234938714875,11957620
2026-04-20,38613,16.434258323230456,Hobbit,Bilbo,The Desolation of Smaug,769.1007945783193,1837102.0,4817.457752194718,11996233
2026-04-21,25175,10.581311188588709,Hobbit,Bilbo,The Desolation of Smaug,779.682105766908,1862277.0,4828.039063383307,12021408
2026-04-22,26871,11.119808940361079,Hobbit,Bilbo,The Desolation of Smaug,790.801914707269,1889148.0,4839.158872323668,12048279
2026-04-23,27387,11.874712106951975,Hobbit,Bilbo,The Desolation of Smaug,802.676626814221,1916535.0,4851.03358443062,12075666
2026-04-24,20985,9.088347076082648,Hobbit,Bilbo,The Desolation of Smaug,811.7649738903037,1937520.0,4860.121931506703,12096651
2026-04-25,24933,10.232772472893256,Hobbit,Bilbo,The Desolation of Smaug,821.9977463631969,1962453.0,4870.354703979596,12121584
2026-04-26,22336,9.420325855687173,Hobbit,Bilbo,The Desolation of Smaug,831.4180722188842,1984789.0,4879.775029835283,12143920
2026-04-27,26578,11.205132551929262,Hobbit,Bilbo,The Desolation of Smaug,842.6232047708133,2011367.0,4890.980162387213,12170498
2026-04-28,8730,3.75243876545847,Hobbit,Bilbo,The Desolation of Smaug,846.3756435362718,2020097.0,4894.732601152671,12179228
2026-04-29,18055,7.839520078960707,Hobbit,Bilbo,The Desolation of Smaug,854.2151636152325,2038152.0,4902.572121231632,12197283
2026-04-30,12178,5.076546666884886,Hobbit,Bilbo,The Desolation of Smaug,859.2917102821175,2050330.0,4907.648667898517,12209461
2026-05-01,13625,5.7064421540200065,Hobbit,Bilbo,The Desolation of Smaug,864.9981524361374,2063955.0,4913.3551100525365,12223086
2026-05-02,15132,6.396055436746135,Hobbit,Bilbo,The Desolation of Smaug,871.3942078728836,2079087.0,4919.751165489282,12238218
2026-05-03,23052,9.69296007590804,Hobbit,Bilbo,The Desolation of Smaug,881.0871679487916,2102139.0,4929.44412556519,12261270
2026-05-04,21644,9.008255419641449,Hobbit,Bilbo,The Desolation of Smaug,890.0954233684331,2123783.0,4938.4523809848315,12282914
2026-05-05,13027,5.356388085684686,Hobbit,Bilbo,The Desolation of Smaug,895.4518114541178,2136810.0,4943.808769070516,12295941
2026-05-06,14094,5.729629324072025,Hobbit,Bilbo,The Desolation of Smaug,901.1814407781898,2150904.0,4949.5383983945885,12310035
2026-05-07,23433,10.108169674403175,Hobbit,Bilbo,The Desolation of Smaug,911.2896104525929,2174337.0,4959.646568068992,12333468
2026-05-08,8656,3.7117896905910017,Hobbit,Bilbo,The Desolation of Smaug,915.001400143184,2182993.0,4963.358357759583,12342124
2026-05-09,22385,9.247512468009955,Hobbit,Bilbo,The Desolation of Smaug,924.2489126111939,2205378.0,4972.605870227592,12364509
2026-05-10,22186,9.533627214388892,Hobbit,Bilbo,The Desolation of Smaug,933.7825398255828,2227564.0,4982.139497441981,12386695
2026-05-11,14810,6.468319954987908,Hobbit,Bilbo,The Desolation of Smaug,940.2508597805707,2242374.0,4988.607817396969,12401505
2026-05-12,12549,5.304009445365853,Hobbit,Bilbo,The Desolation of Smaug,945.5548692259366,2254923.0,4993.911826842334,12414054
2026-05-13,9090,3.6238030540302115,Hobbit,Bilbo,The Desolation of Smaug,949.1786722799668,2264013.0,4997.535629896364,12423144
2026-05-14,14703,5.916076043717785,Hobbit,Bilbo,The Desolation of Smaug,955.0947483236846,2278716.0,5003.451705940082,12437847
2026-05-15,13585,5.1900150258134765,Hobbit,Bilbo,The Desolation of Smaug,960.284763349498,2292301.0,5008.641720965896,12451432
2026-05-16,17421,6.814771799965832,Hobbit,Bilbo,The Desolation of Smaug,967.0995351494639,2309722.0,5015.456492765861,12468853
2026-05-17,18956,7.204517143129812,Hobbit,Bilbo,The Desolation of Smaug,974.3040522925937,2328678.0,5022.661009908991,12487809
2026-05-18,14611,6.297557211003383,Hobbit,Bilbo,The Desolation of Smaug,980.601609503597,2343289.0,5028.958567119995,12502420
2026-05-19,12421,4.985632884371007,Hobbit,Bilbo,The Desolation of Smaug,985.5872423879681,2355710.0,5033.9442000043655,12514841
2026-05-20,16400,7.1764843851763445,Hobbit,Bilbo,The Desolation of Smaug,992.7637267731444,2372110.0,5041.120684389542,12531241
2026-05-21,5445,2.208180822510461,Hobbit,Bilbo,The Desolation of Smaug,994.9719075956549,2377555.0,5043.328865212052,12536686
2026-05-22,14696,5.946820695733657,Hobbit,Bilbo,The Desolation of Smaug,1000.9187282913886,2392251.0,5049.275685907785,12551382
2026-05-23,16069,6.817009180412628,Hobbit,Bilbo,The Desolation of Smaug,1007.7357374718011,2408320.0,5056.092695088198,12567451
2026-05-24,15958,6.4498779535764115,Hobbit,Bilbo,The Desolation of Smaug,1014.1856154253776,2424278.0,5062.542573041774,12583409
2026-05-25,21939,8.720238027007763,Hobbit,Bilbo,The Desolation of Smaug,1022.9058534523854,2446217.0,5071.262811068781,12605348
2026-05-26,23229,10.079245825693208,Hobbit,Bilbo,The Desolation of Smaug,1032.9850992780785,2469446.0,5081.342056894474,12628577
2026-05-27,18501,7.0256290708396305,Hobbit,Bilbo,The Desolation of Smaug,1040.010728348918,2487947.0,5088.367685965313,12647078
2026-05-28,14519,6.103005816297092,Hobbit,Bilbo,The Desolation of Smaug,1046.1137341652152,2502466.0,5094.47069178161,12661597
2026-05-29,15206,6.237645642357992,Hobbit,Bilbo,The Desolation of Smaug,1052.3513798075733,2517672.0,5100.708337423968,12676803
2026-05-30,25486,10.62911145796262,Hobbit,Bilbo,The Desolation of Smaug,1062.9804912655359,2543158.0,5111.337448881931,12702289
2026-05-31,19832,8.393116051046022,Hobbit,Bilbo,The Desolation of Smaug,1071.373607316582,2562990.0,5119.730564932976,12722121
2026-06-01,19849,8.4415507152919,Hobbit,Bilbo,The Battle of the Five Armies,1079.8151580318738,2582839.0,5128.172115648268,12741970
2026-06-02,13634,5.669495349670394,Hobbit,Bilbo,The Battle of the Five Armies,1085.4846533815441,2596473.0,5133.841610997939,12755604
2026-06-03,14411,5.597980389641597,Hobbit,Bilbo,The Battle of the Five Armies,1091.0826337711858,2610884.0,5139.439591387581,12770015
2026-06-04,12646,4.566771088710397,Hobbit,Bilbo,The Battle of the Five Armies,1095.649404859896,2623530.0,5144.006362476291,12782661
2026-06-05,10964,4.453731830724383,Hobbit,Bilbo,The Battle of the Five Armies,1100.1031366906207,2634494.0,5148.460094307015,12793625
2026-06-06,19011,7.855100302061059,Hobbit,Bilbo,The Battle of the Five Armies,1107.9582369926816,2653505.0,5156.315194609077,12812636
2026-06-07,23065,9.686197845565745,Hobbit,Bilbo,The Battle of the Five Armies,1117.6444348382474,2676570.0,5166.001392454642,12835701
2026-06-08,24933,10.519081197981702,Hobbit,Bilbo,The Battle of the Five Armies,1128.163516036229,2701503.0,5176.520473652624,12860634
2026-06-09,16637,7.186347816290457,Hobbit,Bilbo,The Battle of the Five Armies,1135.3498638525195,2718140.0,5183.706821468914,12877271
2026-06-10,29296,12.742944372790692,Hobbit,Bilbo,The Battle of the Five Armies,1148.0928082253101,2747436.0,5196.449765841705,12906567
