date,journey_id,character,segment,distance_miles,cumulative_miles,all_time_cumulative_miles
2024-03-27,Mordor,Frodo,The Shire,7.1574,7.1574,7.1574
2024-03-28,Mordor,Frodo,The Shire,3.9363,11.0938,11.0938
2024-03-29,Mordor,Frodo,The Shire,7.7227,18.8165,18.8165
2024-03-30,Mordor,Frodo,The Shire,6.8843,25.7008,25.7008
2024-03-31,Mordor,Frodo,The Shire,4.6431,30.3439,30.3439
2024-04-01,Mordor,Frodo,The Shire,3.7402,34.0842,34.0842
2024-04-02,Mordor,Frodo,The Shire,0.9770,35.0612,35.0612
2024-04-03,Mordor,Frodo,The Shire,0.5500,35.6112,35.6112
2024-04-04,Mordor,Frodo,The Shire,0.2527,35.8639,35.8639
2024-04-05,Mordor,Frodo,The Shire,5.1016,40.9655,40.9655
2024-04-06,Mordor,Frodo,The Shire,0.4110,41.3765,41.3765
2024-04-07,Mordor,Frodo,The Shire,5.3067,46.6833,46.6833
2024-04-08,Mordor,Frodo,The Shire,5.3804,52.0636,52.0636
2024-04-09,Mordor,Frodo,The Shire,4.8413,56.9049,56.9049
2024-04-10,Mordor,Frodo,The Shire,0.3374,57.2423,57.2423
2024-04-11,Mordor,Frodo,The Shire,2.1663,59.4086,59.4086
2024-04-12,Mordor,Frodo,The Shire,5.8543,65.2629,65.2629
2024-04-13,Mordor,Frodo,The Shire,3.1735,68.4364,68.4364
2024-04-14,Mordor,Frodo,The Shire,5.7396,74.1760,74.1760
2024-04-15,Mordor,Frodo,The Shire,9.2254,83.4014,83.4014
2024-04-16,Mordor,Frodo,The Shire,5.4613,88.8627,88.8627
2024-04-17,Mordor,Frodo,The Shire,3.6823,92.5450,92.5450
2024-04-18,Mordor,Frodo,The Shire,5.7453,98.2903,98.2903
2024-04-19,Mordor,Frodo,The Shire,3.9837,102.2739,102.2739
2024-04-20,Mordor,Frodo,The Shire,5.0556,107.3295,107.3295
2024-04-21,Mordor,Frodo,The Shire,7.0483,114.3779,114.3779
2024-04-22,Mordor,Frodo,The Shire,8.6473,123.0251,123.0251
2024-04-23,Mordor,Frodo,The Shire,2.5216,125.5468,125.5468
2024-04-24,Mordor,Frodo,The Shire,8.4781,134.0249,134.0249
2024-04-25,Mordor,Frodo,The Shire,5.3916,139.4165,139.4165
2024-04-26,Mordor,Frodo,The Shire,1.2109,140.6274,140.6274
2024-04-27,Mordor,Frodo,The Shire,4.1121,144.7395,144.7395
2024-04-28,Mordor,Frodo,The Shire,4.4575,149.1970,149.1970
2024-04-29,Mordor,Frodo,The Fellowship,11.9273,161.1243,161.1243
2024-04-30,Mordor,Frodo,The Fellowship,0.6725,161.7967,161.7967
2024-05-01,Mordor,Frodo,The Fellowship,7.6837,169.4805,169.4805
2024-05-02,Mordor,Frodo,The Fellowship,4.8161,174.2966,174.2966
2024-05-03,Mordor,Frodo,The Fellowship,8.1317,182.4283,182.4283
2024-05-04,Mordor,Frodo,The Fellowship,8.0163,190.4446,190.4446
2024-05-05,Mordor,Frodo,The Fellowship,7.5431,197.9877,197.9877
2024-05-06,Mordor,Frodo,The Fellowship,5.8001,203.7878,203.7878
2024-05-07,Mordor,Frodo,The Fellowship,2.5510,206.3388,206.3388
2024-05-08,Mordor,Frodo,The Fellowship,5.0453,211.3841,211.3841
2024-05-09,Mordor,Frodo,The Fellowship,3.8841,215.2681,215.2681
2024-05-10,Mordor,Frodo,The Fellowship,1.9364,217.2045,217.2045
2024-05-11,Mordor,Frodo,The Fellowship,6.9756,224.1802,224.1802
2024-05-12,Mordor,Frodo,The Fellowship,6.4041,230.5842,230.5842
2024-05-13,Mordor,Frodo,The Fellowship,11.4521,242.0363,242.0363
2024-05-14,Mordor,Frodo,The Fellowship,9.3610,251.3973,251.3973
2024-05-15,Mordor,Frodo,The Fellowship,5.3884,256.7857,256.7857
2024-05-16,Mordor,Frodo,The Fellowship,9.2066,265.9923,265.9923
2024-05-17,Mordor,Frodo,The Fellowship,12.8613,278.8536,278.8536
2024-05-18,Mordor,Frodo,The Fellowship,8.0818,286.9353,286.9353
2024-05-19,Mordor,Frodo,The Fellowship,9.6671,296.6024,296.6024
2024-05-20,Mordor,Frodo,The Fellowship,17.3668,313.9693,313.9693
2024-05-21,Mordor,Frodo,The Fellowship,11.0814,325.0507,325.0507
2024-05-22,Mordor,Frodo,The Fellowship,5.2097,330.2604,330.2604
2024-05-23,Mordor,Frodo,The Fellowship,8.5952,338.8556,338.8556
2024-05-24,Mordor,Frodo,The Fellowship,8.7015,347.5572,347.5572
2024-05-25,Mordor,Frodo,The Fellowship,6.5928,354.1500,354.1500
2024-05-26,Mordor,Frodo,The Fellowship,8.8293,362.9793,362.9793
2024-05-27,Mordor,Frodo,The Fellowship,11.8172,374.7965,374.7965
2024-05-28,Mordor,Frodo,The Fellowship,10.4921,385.2886,385.2886
2024-05-29,Mordor,Frodo,The Fellowship,5.8185,391.1071,391.1071
2024-05-30,Mordor,Frodo,The Fellowship,5.8826,396.9896,396.9896
2024-05-31,Mordor,Frodo,The Fellowship,5.6831,402.6728,402.6728
2024-06-01,Mordor,Frodo,The Fellowship,7.9210,410.5938,410.5938
2024-06-02,Mordor,Frodo,The Fellowship,11.5847,422.1784,422.1784
2024-06-03,Mordor,Frodo,The Fellowship,8.8202,430.9987,430.9987
2024-06-04,Mordor,Frodo,The Fellowship,11.6119,442.6106,442.6106
2024-06-05,Mordor,Frodo,The Fellowship,2.6014,445.2120,445.2120
2024-06-06,Mordor,Frodo,The Fellowship,6.7451,451.9570,451.9570
2024-06-07,Mordor,Frodo,The Fellowship,6.5030,458.4600,458.4600
2024-06-08,Mordor,Frodo,The Fellowship,7.2772,465.7372,465.7372
2024-06-09,Mordor,Frodo,The Fellowship,10.3821,476.1193,476.1193
2024-06-10,Mordor,Frodo,The Fellowship,3.3386,479.4579,479.4579
2024-06-11,Mordor,Frodo,The Fellowship,1.8655,481.3234,481.3234
2024-06-12,Mordor,Frodo,The Fellowship,1.4222,482.7456,482.7456
2024-06-13,Mordor,Frodo,The Fellowship,7.4086,490.1542,490.1542
2024-06-14,Mordor,Frodo,The Fellowship,9.3113,499.4655,499.4655
2024-06-15,Mordor,Frodo,The Fellowship,8.8853,508.3508,508.3508
2024-06-16,Mordor,Frodo,The Fellowship,11.9534,520.3042,520.3042
2024-06-17,Mordor,Frodo,The Fellowship,4.2192,524.5234,524.5234
2024-06-18,Mordor,Frodo,The Fellowship,7.4937,532.0171,532.0171
2024-06-19,Mordor,Frodo,The Fellowship,6.7733,538.7903,538.7903
2024-06-20,Mordor,Frodo,The Fellowship,11.1640,549.9543,549.9543
2024-06-21,Mordor,Frodo,The Fellowship,6.7185,556.6727,556.6727
2024-06-22,Mordor,Frodo,The Fellowship,7.1641,563.8369,563.8369
2024-06-23,Mordor,Frodo,The Fellowship,6.9240,570.7608,570.7608
2024-06-24,Mordor,Frodo,The Fellowship,11.3561,582.1170,582.1170
2024-06-25,Mordor,Frodo,The Fellowship,10.6386,592.7556,592.7556
2024-06-26,Mordor,Frodo,The Fellowship,8.2557,601.0113,601.0113
2024-06-27,Mordor,Frodo,The Fellowship,3.4675,604.4788,604.4788
2024-06-28,Mordor,Frodo,The Fellowship,4.3275,608.8063,608.8063
2024-06-29,Mordor,Frodo,The Fellowship,11.9520,620.7582,620.7582
2024-06-30,Mordor,Frodo,The Fellowship,8.1231,628.8813,628.8813
2024-07-01,Mordor,Frodo,The Fellowship,5.4358,634.3171,634.3171
2024-07-02,Mordor,Frodo,The Fellowship,7.8246,642.1417,642.1417
2024-07-03,Mordor,Frodo,The Fellowship,5.2178,647.3596,647.3596
2024-07-04,Mordor,Frodo,The Fellowship,8.8224,656.1819,656.1819
2024-07-05,Mordor,Frodo,The Fellowship,9.7989,665.9808,665.9808
2024-07-06,Mordor,Frodo,The Fellowship,8.1666,674.1474,674.1474
2024-07-07,Mordor,Frodo,The Fellowship,8.8704,683.0178,683.0178
2024-07-08,Mordor,Frodo,The Fellowship,10.8397,693.8574,693.8574
2024-07-09,Mordor,Frodo,The Fellowship,10.2629,704.1203,704.1203
2024-07-10,Mordor,Frodo,The Fellowship,12.1439,716.2642,716.2642
2024-07-11,Mordor,Frodo,The Fellowship,8.8375,725.1017,725.1017
2024-07-12,Mordor,Frodo,The Fellowship,6.7127,731.8144,731.8144
2024-07-13,Mordor,Frodo,The Fellowship,7.2159,739.0303,739.0303
2024-07-14,Mordor,Frodo,The Fellowship,9.6458,748.6761,748.6761
2024-07-15,Mordor,Frodo,The Fellowship,7.8674,756.5435,756.5435
2024-07-16,Mordor,Frodo,The Fellowship,7.3135,763.8570,763.8570
2024-07-17,Mordor,Frodo,The Fellowship,6.8396,770.6966,770.6966
2024-07-18,Mordor,Frodo,The Fellowship,7.5899,778.2864,778.2864
2024-07-19,Mordor,Frodo,The Fellowship,7.9576,786.2441,786.2441
2024-07-20,Mordor,Frodo,The Fellowship,8.5030,794.7470,794.7470
2024-07-21,Mordor,Frodo,The Fellowship,7.8085,802.5555,802.5555
2024-07-22,Mordor,Frodo,The Fellowship,10.2076,812.7631,812.7631
2024-07-23,Mordor,Frodo,The Fellowship,9.1432,821.9064,821.9064
2024-07-24,Mordor,Frodo,Mines of Moria,7.4095,829.3159,829.3159
2024-07-25,Mordor,Frodo,Mines of Moria,10.2583,839.5742,839.5742
2024-07-26,Mordor,Frodo,Mines of Moria,9.5918,849.1660,849.1660
2024-07-27,Mordor,Frodo,Mines of Moria,8.9811,858.1471,858.1471
2024-07-28,Mordor,Frodo,Mines of Moria,9.6281,867.7752,867.7752
2024-07-29,,,,1.8688,,869.6441
2024-07-30,,,,2.1916,,871.8357
2024-07-31,,,,4.2663,,876.1020
2024-08-01,,,,2.8799,,878.9819
2024-08-02,,,,0.0505,,879.0324
2024-08-03,,,,1.1815,,880.2139
2024-08-04,,,,4.7023,,884.9162
2024-08-05,,,,2.4355,,887.3517
2024-08-06,,,,2.6305,,889.9822
2024-08-07,,,,0.1226,,890.1048
2024-08-08,,,,4.3961,,894.5009
2024-08-09,,,,1.5829,,896.0838
2024-08-10,,,,2.6433,,898.7271
2024-08-11,,,,2.9823,,901.7094
2024-08-12,,,,1.5156,,903.2250
2024-08-13,,,,0.9007,,904.1257
2024-08-14,,,,1.5114,,905.6371
2024-08-15,,,,2.8804,,908.5175
2024-08-16,,,,6.0822,,914.5997
2024-08-17,,,,6.0390,,920.6387
2024-08-18,,,,3.6375,,924.2762
2024-08-19,,,,3.1573,,927.4336
2024-08-20,,,,4.7734,,932.2069
2024-08-21,,,,2.8252,,935.0321
2024-08-22,,,,0.8535,,935.8856
2024-08-23,,,,4.1973,,940.0829
2024-08-24,Mordor,Frodo,The Eye of Sauron,7.4203,875.1956,947.5032
2024-08-25,Mordor,Frodo,The Eye of Sauron,8.2952,883.4907,955.7984
2024-08-26,Mordor,Frodo,The Eye of Sauron,11.1505,894.6412,966.9489
2024-08-27,Mordor,Frodo,The Eye of Sauron,13.1285,907.7697,980.0773
2024-08-28,Mordor,Frodo,The Eye of Sauron,14.0793,921.8489,994.1566
2024-08-29,Mordor,Frodo,The Eye of Sauron,6.9109,928.7599,1001.0675
2024-08-30,Mordor,Frodo,The Eye of Sauron,1.0840,929.8439,1002.1515
2024-08-31,Mordor,Frodo,The Eye of Sauron,9.0838,938.9277,1011.2353
2024-09-01,Mordor,Frodo,The Eye of Sauron,12.3426,951.2703,1023.5779
2024-09-02,Mordor,Frodo,The Eye of Sauron,7.2059,958.4761,1030.7838
2024-09-03,Mordor,Frodo,The Eye of Sauron,6.9843,965.4605,1037.7681
2024-09-04,Mordor,Frodo,The Eye of Sauron,2.0255,967.4860,1039.7936
2024-09-05,Mordor,Frodo,The Eye of Sauron,4.0419,971.5279,1043.8355
2024-09-06,Mordor,Frodo,The Eye of Sauron,3.7887,975.3165,1047.6241
2024-09-07,Mordor,Frodo,The Eye of Sauron,2.7287,978.0452,1050.3529
2024-09-08,Mordor,Frodo,The Eye of Sauron,6.3244,984.3696,1056.6772
2024-09-09,Mordor,Frodo,The Eye of Sauron,5.1742,989.5438,1061.8514
2024-09-10,Mordor,Frodo,The Eye of Sauron,5.0427,994.5865,1066.8942
2024-09-11,Mordor,Frodo,The Eye of Sauron,1.9424,996.5290,1068.8366
2024-09-12,Mordor,Frodo,The Eye of Sauron,8.9202,1005.4492,1077.7568
2024-09-13,Mordor,Frodo,The Eye of Sauron,3.6972,1009.1463,1081.4540
2024-09-14,Mordor,Frodo,The Eye of Sauron,1.2064,1010.3527,1082.6604
2024-09-15,Mordor,Frodo,The Eye of Sauron,4.4460,1014.7987,1087.1064
2024-09-16,Mordor,Frodo,The Eye of Sauron,2.7895,1017.5882,1089.8959
2024-09-17,Mordor,Frodo,The Eye of Sauron,4.6125,1022.2008,1094.5084
2024-09-18,Mordor,Frodo,The Eye of Sauron,4.8746,1027.0754,1099.3830
2024-09-19,Mordor,Frodo,The Eye of Sauron,8.6130,1035.6884,1107.9960
2024-09-20,Mordor,Frodo,The Eye of Sauron,13.5388,1049.2272,1121.5348
2024-09-21,Mordor,Frodo,The Eye of Sauron,9.2191,1058.4462,1130.7538
2024-09-22,Mordor,Frodo,The Eye of Sauron,8.1816,1066.6278,1138.9354
2024-09-23,Mordor,Frodo,The Eye of Sauron,5.8882,1072.5160,1144.8236
2024-09-24,Mordor,Frodo,The Eye of Sauron,2.9235,1075.4395,1147.7472
2024-09-25,Mordor,Frodo,The Eye of Sauron,5.6891,1081.1287,1153.4363
2024-09-26,Mordor,Frodo,The Eye of Sauron,2.9729,1084.1016,1156.4093
2024-09-27,Mordor,Frodo,The Eye of Sauron,3.0240,1087.1257,1159.4333
2024-09-28,Mordor,Frodo,The Eye of Sauron,3.2282,1090.3538,1162.6615
2024-09-29,Mordor,Frodo,The Eye of Sauron,8.9932,1099.3470,1171.6547
2024-09-30,Mordor,Frodo,The Eye of Sauron,1.2935,1100.6406,1172.9482
2024-10-01,Mordor,Frodo,The Eye of Sauron,9.1748,1109.8154,1182.1230
2024-10-02,Mordor,Frodo,The Eye of Sauron,4.5747,1114.3900,1186.6977
2024-10-03,Mordor,Frodo,The Eye of Sauron,3.7293,1118.1193,1190.4270
2024-10-04,Mordor,Frodo,The Eye of Sauron,8.1127,1126.2320,1198.5397
2024-10-05,Mordor,Frodo,The Eye of Sauron,5.9318,1132.1638,1204.4714
2024-10-06,Mordor,Frodo,The Eye of Sauron,9.5466,1141.7104,1214.0181
2024-10-07,Mordor,Frodo,The Eye of Sauron,2.1090,1143.8194,1216.1271
2024-10-08,Mordor,Frodo,The Eye of Sauron,2.9414,1146.7608,1219.0684
2024-10-09,Mordor,Frodo,The Eye of Sauron,1.2890,1148.0498,1220.3574
2024-10-10,Mordor,Frodo,The Eye of Sauron,0.3880,1148.4378,1220.7455
2024-10-11,Mordor,Frodo,The Eye of Sauron,0.8904,1149.3282,1221.6359
2024-10-12,Mordor,Frodo,The Eye of Sauron,8.4875,1157.8157,1230.1233
2024-10-13,Mordor,Frodo,The Eye of Sauron,9.5553,1167.3710,1239.6786
2024-10-14,Mordor,Frodo,The Eye of Sauron,6.5780,1173.9490,1246.2566
2024-10-15,Mordor,Frodo,The Eye of Sauron,1.2724,1175.2213,1247.5290
2024-10-16,Mordor,Frodo,The Eye of Sauron,5.5067,1180.7280,1253.0357
2024-10-17,Mordor,Frodo,The Eye of Sauron,6.6351,1187.3631,1259.6708
2024-10-18,Mordor,Frodo,The Eye of Sauron,3.8680,1191.2312,1263.5388
2024-10-19,Mordor,Frodo,The Eye of Sauron,10.2713,1201.5024,1273.8101
2024-10-20,Mordor,Frodo,The Eye of Sauron,9.5854,1211.0878,1283.3954
2024-10-21,Mordor,Frodo,The Eye of Sauron,10.3716,1221.4594,1293.7670
2024-10-22,Mordor,Frodo,The Eye of Sauron,6.7585,1228.2179,1300.5255
2024-10-23,Mordor,Frodo,The Eye of Sauron,9.1309,1237.3488,1309.6564
2024-10-24,Mordor,Frodo,The Eye of Sauron,9.4221,1246.7709,1319.0785
2024-10-25,Mordor,Frodo,The Eye of Sauron,10.0504,1256.8212,1329.1289
2024-10-26,Mordor,Frodo,The Eye of Sauron,4.5117,1261.3330,1333.6406
2024-10-27,Mordor,Frodo,The Eye of Sauron,6.0742,1267.4072,1339.7148
2024-10-28,Mordor,Frodo,The Eye of Sauron,5.1802,1272.5874,1344.8950
2024-10-29,Mordor,Frodo,The Eye of Sauron,0.0122,1272.5996,1344.9073
2024-10-30,Mordor,Frodo,The Eye of Sauron,1.1277,1273.7273,1346.0349
2024-10-31,Mordor,Frodo,The Eye of Sauron,4.0465,1277.7738,1350.0814
2024-11-01,Mordor,Frodo,The Eye of Sauron,9.4154,1287.1891,1359.4968
2024-11-02,Mordor,Frodo,The Eye of Sauron,8.1469,1295.3360,1367.6437
2024-11-03,Mordor,Frodo,The Eye of Sauron,6.2040,1301.5401,1373.8477
2024-11-04,Mordor,Frodo,The Eye of Sauron,6.9143,1308.4543,1380.7620
2024-11-05,Mordor,Frodo,The Eye of Sauron,2.4409,1310.8952,1383.2029
2024-11-06,Mordor,Frodo,The Eye of Sauron,1.0614,1311.9566,1384.2643
2024-11-07,Mordor,Frodo,The Eye of Sauron,9.9439,1321.9006,1394.2082
2024-11-08,Mordor,Frodo,The Eye of Sauron,1.5190,1323.4196,1395.7272
2024-11-09,Mordor,Frodo,The Eye of Sauron,7.7647,1331.1842,1403.4919
2024-11-10,Mordor,Frodo,The Eye of Sauron,11.2728,1342.4570,1414.7647
2024-11-11,Mordor,Frodo,The Eye of Sauron,7.4442,1349.9013,1422.2089
2024-11-12,Mordor,Frodo,The Eye of Sauron,8.9062,1358.8074,1431.1151
2024-11-13,Mordor,Frodo,The Eye of Sauron,4.7400,1363.5475,1435.8551
2024-11-14,Mordor,Frodo,The Eye of Sauron,6.2419,1369.7894,1442.0971
2024-11-15,Mordor,Frodo,The Eye of Sauron,3.3874,1373.1768,1445.4844
2024-11-16,Mordor,Frodo,The Eye of Sauron,6.2593,1379.4361,1451.7437
2024-11-17,Mordor,Frodo,The Eye of Sauron,7.4635,1386.8995,1459.2072
2024-11-18,Mordor,Frodo,The Eye of Sauron,2.9233,1389.8229,1462.1305
2024-11-19,Mordor,Frodo,The Eye of Sauron,4.5446,1394.3675,1466.6751
2024-11-20,Mordor,Frodo,The Eye of Sauron,11.0366,1405.4041,1477.7117
2024-11-21,Mordor,Frodo,The Eye of Sauron,10.0801,1415.4843,1487.7919
2024-11-22,Mordor,Frodo,The Eye of Sauron,12.0335,1427.5178,1499.8254
2024-11-23,Mordor,Frodo,The Eye of Sauron,9.3939,1436.9117,1509.2193
2024-11-24,Mordor,Frodo,The Eye of Sauron,10.7950,1447.7066,1520.0143
2024-11-25,Mordor,Frodo,The Eye of Sauron,7.9256,1455.6322,1527.9398
2024-11-26,Mordor,Frodo,The Eye of Sauron,11.4995,1467.1317,1539.4394
2024-11-27,Mordor,Frodo,The Eye of Sauron,8.6380,1475.7697,1548.0773
2024-11-28,Mordor,Frodo,The Eye of Sauron,13.0277,1488.7974,1561.1051
2024-11-29,Mordor,Frodo,The Eye of Sauron,7.0219,1495.8193,1568.1269
2024-11-30,Mordor,Frodo,The Eye of Sauron,1.7614,1497.5807,1569.8884
2024-12-01,Mordor,Frodo,The Eye of Sauron,8.4351,1506.0158,1578.3235
2024-12-02,Mordor,Frodo,The Eye of Sauron,15.6862,1521.7021,1594.0097
2024-12-03,Mordor,Frodo,The Eye of Sauron,9.1346,1530.8367,1603.1443
2024-12-04,Mordor,Frodo,Mordor,8.6076,1539.4443,1611.7519
2024-12-05,Mordor,Frodo,Mordor,11.8497,1551.2940,1623.6016
2024-12-06,Mordor,Frodo,Mordor,0.7112,1552.0052,1624.3128
2024-12-07,Mordor,Frodo,Mordor,10.7231,1562.7282,1635.0359
2024-12-08,Mordor,Frodo,Mordor,5.9842,1568.7125,1641.0201
2024-12-09,Mordor,Frodo,Mordor,14.7430,1583.4554,1655.7631
2024-12-10,Mordor,Frodo,Mordor,10.5821,1594.0376,1666.3452
2024-12-11,Mordor,Frodo,Mordor,6.6226,1600.6602,1672.9678
2024-12-12,Mordor,Frodo,Mordor,7.1823,1607.8424,1680.1501
2024-12-13,Mordor,Frodo,Mordor,7.7593,1615.6018,1687.9094
2024-12-14,Mordor,Frodo,Mordor,6.8947,1622.4964,1694.8041
2024-12-15,Mordor,Frodo,Mordor,10.5948,1633.0912,1705.3988
2024-12-16,Mordor,Frodo,Mordor,9.9841,1643.0753,1715.3829
2024-12-17,Mordor,Frodo,Mordor,13.5450,1656.6203,1728.9279
2024-12-18,Mordor,Frodo,Mordor,12.7156,1669.3359,1741.6435
2024-12-19,Mordor,Frodo,Mordor,9.1783,1678.5141,1750.8218
2024-12-20,Mordor,Frodo,Mordor,14.9014,1693.4156,1765.7232
2024-12-21,Mordor,Frodo,Mordor,10.8977,1704.3133,1776.6209
2024-12-22,Mordor,Frodo,Mordor,9.9288,1714.2421,1786.5498
2024-12-23,Mordor,Frodo,Mordor,9.2529,1723.4950,1795.8027
2024-12-24,Mordor,Frodo,Mordor,8.0473,1731.5423,1803.8500
2024-12-25,Mordor,Frodo,Mordor,7.0826,1738.6250,1810.9326
2024-12-26,Mordor,Frodo,Mordor,7.0838,1745.7088,1818.0164
2024-12-27,Mordor,Frodo,Mordor,7.1209,1752.8297,1825.1373
2024-12-28,Mordor,Frodo,Mordor,8.1757,1761.0054,1833.3130
2024-12-29,Mordor,Frodo,Mordor,6.6085,1767.6139,1839.9215
2024-12-30,Mordor,Frodo,Mordor,7.8608,1775.4747,1847.7823
2024-12-31,Mordor,Frodo,Mordor,6.2028,1781.6774,1853.9851
2025-01-01,Mordor,Frodo,Mordor,6.5829,1788.2603,1860.5680
2025-01-02,Mordor,Frodo,Mordor,4.4901,1792.7504,1865.0581
2025-01-03,Mordor,Frodo,Mordor,3.1860,1795.9364,1868.2441
2025-01-04,Mordor,Frodo,Mordor,3.2279,1799.1643,1871.4720
2025-01-05,Mordor,Frodo,Mordor,3.1449,1802.3092,1874.6168
2025-01-06,Mordor,Frodo,Mordor,13.8942,1816.2034,1888.5111
2025-01-07,Mordor,Frodo,Mordor,6.8417,1823.0452,1895.3528
2025-01-08,,,,3.0092,,1898.3620
2025-01-09,,,,6.4582,,1904.8202
2025-01-10,,,,4.0203,,1908.8405
2025-01-11,,,,2.5992,,1911.4397
2025-01-12,,,,7.3667,,1918.8065
2025-01-13,,,,5.6579,,1924.4644
2025-01-14,Return,Aragorn,Rohan,3.0034,3.0034,1927.4677
2025-01-15,Return,Aragorn,Rohan,6.2607,9.2641,1933.7284
2025-01-16,Return,Aragorn,Rohan,3.7070,12.9710,1937.4354
2025-01-17,Return,Aragorn,Rohan,9.7762,22.7473,1947.2116
2025-01-18,Return,Aragorn,Rohan,7.3645,30.1117,1954.5761
2025-01-19,Return,Aragorn,Rohan,6.7434,36.8551,1961.3195
2025-01-20,Return,Aragorn,Rohan,9.2755,46.1306,1970.5950
2025-01-21,Return,Aragorn,Rohan,4.5828,50.7134,1975.1778
2025-01-22,Return,Aragorn,Rohan,3.5840,54.2974,1978.7618
2025-01-23,Return,Aragorn,Rohan,4.4099,58.7073,1983.1717
2025-01-24,Return,Aragorn,Rohan,15.0182,73.7255,1998.1898
2025-01-25,Return,Aragorn,Rohan,9.3932,83.1187,2007.5831
2025-01-26,Return,Aragorn,Rohan,8.5541,91.6728,2016.1372
2025-01-27,Return,Aragorn,Rohan,7.5208,99.1937,2023.6580
2025-01-28,Return,Aragorn,Rohan,8.6556,107.8492,2032.3136
2025-01-29,Return,Aragorn,Rohan,6.7648,114.6141,2039.0784
2025-01-30,Return,Aragorn,Rohan,5.5235,120.1376,2044.6019
2025-01-31,Return,Aragorn,Rohan,3.2967,123.4342,2047.8986
2025-02-01,Return,Aragorn,Rohan,6.9237,130.3580,2054.8223
2025-02-02,Return,Aragorn,Rohan,6.7050,137.0630,2061.5274
2025-02-03,Return,Aragorn,Rohan,6.0480,143.1110,2067.5754
2025-02-04,Return,Aragorn,Rohan,0.5093,143.6204,2068.0847
2025-02-05,Return,Aragorn,Rohan,1.0445,144.6648,2069.1292
2025-02-06,Return,Aragorn,Rohan,1.0028,145.6677,2070.1320
2025-02-07,Return,Aragorn,Rohan,3.9449,149.6126,2074.0770
2025-02-08,Return,Aragorn,Rohan,1.7586,151.3712,2075.8356
2025-02-09,Return,Aragorn,Rohan,9.4382,160.8094,2085.2738
2025-02-10,Return,Aragorn,Rohan,9.7467,170.5562,2095.0205
2025-02-11,Return,Aragorn,Rohan,5.2809,175.8371,2100.3014
2025-02-12,Return,Aragorn,Rohan,9.1024,184.9395,2109.4039
2025-02-13,Return,Aragorn,Rohan,5.8959,190.8354,2115.2997
2025-02-14,Return,Aragorn,Rohan,2.9168,193.7522,2118.2166
2025-02-15,Return,Aragorn,Rohan,3.0584,196.8106,2121.2750
2025-02-16,Return,Aragorn,Rohan,4.8558,201.6664,2126.1307
2025-02-17,Return,Aragorn,Rohan,7.3168,208.9832,2133.4476
2025-02-18,Return,Aragorn,Rohan,4.5246,213.5078,2137.9721
2025-02-19,Return,Aragorn,Rohan,4.8323,218.3401,2142.8044
2025-02-20,Return,Aragorn,Rohan,4.2289,222.5690,2147.0333
2025-02-21,Return,Aragorn,Rohan,2.9865,225.5555,2150.0199
2025-02-22,Return,Aragorn,Rohan,2.8727,228.4282,2152.8926
2025-02-23,Return,Aragorn,Rohan,5.5993,234.0275,2158.4918
2025-02-24,Return,Aragorn,Rohan,7.1016,241.1291,2165.5934
2025-02-25,Return,Aragorn,Rohan,6.7955,247.9246,2172.3889
2025-02-26,Return,Aragorn,Rohan,4.0879,252.0125,2176.4768
2025-02-27,Return,Aragorn,Rohan,5.4510,257.4635,2181.9279
2025-02-28,Return,Aragorn,Rohan,5.3439,262.8074,2187.2717
2025-03-01,Return,Aragorn,Rohan,5.5840,268.3914,2192.8557
2025-03-02,Return,Aragorn,Rohan,6.2325,274.6239,2199.0882
2025-03-03,Return,Aragorn,Rohan,12.8662,287.4901,2211.9544
2025-03-04,Return,Aragorn,Rohan,2.7226,290.2127,2214.6771
2025-03-05,Return,Aragorn,Rohan,7.7817,297.9944,2222.4587
2025-03-06,Return,Aragorn,Rohan,15.1114,313.1058,2237.5701
2025-03-07,Return,Aragorn,Rohan,7.6876,320.7934,2245.2577
2025-03-08,Return,Aragorn,Rohan,3.7413,324.5346,2248.9990
2025-03-09,Return,Aragorn,Rohan,8.4190,332.9537,2257.4180
2025-03-10,Return,Aragorn,Rohan,3.2012,336.1549,2260.6192
2025-03-11,Return,Aragorn,Rohan,4.9693,341.1241,2265.5885
2025-03-12,Return,Aragorn,Rohan,5.4578,346.5820,2271.0463
2025-03-13,Return,Aragorn,Rohan,2.2895,348.8714,2273.3358
2025-03-14,Return,Aragorn,Rohan,2.6677,351.5391,2276.0035
2025-03-15,Return,Aragorn,Rohan,1.3921,352.9312,2277.3956
2025-03-16,Return,Aragorn,Rohan,8.5646,361.4958,2285.9601
2025-03-17,Return,Aragorn,Rohan,5.5052,367.0010,2291.4654
2025-03-18,Return,Aragorn,Rohan,4.6210,371.6220,2296.0863
2025-03-19,Return,Aragorn,Rohan,11.9443,383.5663,2308.0306
2025-03-20,Return,Aragorn,Rohan,7.3691,390.9353,2315.3997
2025-03-21,Return,Aragorn,Rohan,5.5358,396.4711,2320.9355
2025-03-22,Return,Aragorn,Rohan,8.7654,405.2365,2329.7009
2025-03-23,Return,Aragorn,Rohan,6.5696,411.8061,2336.2705
2025-03-24,Return,Aragorn,Rohan,6.6223,418.4284,2342.8928
2025-03-25,Return,Aragorn,Rohan,5.6475,424.0759,2348.5402
2025-03-26,Return,Aragorn,Rohan,6.1646,430.2404,2354.7048
2025-03-27,Return,Aragorn,Rohan,3.3217,433.5621,2358.0265
2025-03-28,Return,Aragorn,Rohan,5.9542,439.5164,2363.9807
2025-03-29,Return,Aragorn,Rohan,6.1984,445.7148,2370.1791
2025-03-30,Return,Aragorn,Helm's Deep,4.9327,450.6474,2375.1118
2025-03-31,Return,Aragorn,Helm's Deep,7.4331,458.0805,2382.5449
2025-04-01,Return,Aragorn,Helm's Deep,4.7488,462.8293,2387.2937
2025-04-02,Return,Aragorn,Helm's Deep,5.9509,468.7802,2393.2445
2025-04-03,Return,Aragorn,Helm's Deep,5.2199,474.0000,2398.4644
2025-04-04,Return,Aragorn,Helm's Deep,5.2828,479.2829,2403.7472
2025-04-05,Return,Aragorn,Helm's Deep,8.4030,487.6858,2412.1502
2025-04-06,Return,Aragorn,Helm's Deep,6.9605,494.6463,2419.1107
2025-04-07,Return,Aragorn,Helm's Deep,3.1843,497.8307,2422.2950
2025-04-08,Return,Aragorn,Helm's Deep,5.1445,502.9751,2427.4395
2025-04-09,Return,Aragorn,Helm's Deep,5.0478,508.0229,2432.4873
2025-04-10,Return,Aragorn,Helm's Deep,6.5456,514.5685,2439.0328
2025-04-11,Return,Aragorn,Helm's Deep,8.7735,523.3420,2447.8064
2025-04-12,Return,Aragorn,Helm's Deep,2.8235,526.1656,2450.6299
2025-04-13,Return,Aragorn,Helm's Deep,6.2902,532.4558,2456.9201
2025-04-14,Return,Aragorn,Helm's Deep,3.5851,536.0409,2460.5053
2025-04-15,Return,Aragorn,Helm's Deep,3.1349,539.1758,2463.6401
2025-04-16,Return,Aragorn,Helm's Deep,5.8230,544.9988,2469.4631
2025-04-17,Return,Aragorn,Helm's Deep,5.2896,550.2884,2474.7528
2025-04-18,Return,Aragorn,Helm's Deep,5.8745,556.1629,2480.6272
2025-04-19,Return,Aragorn,Helm's Deep,4.2379,560.4008,2484.8652
2025-04-20,Return,Aragorn,Helm's Deep,10.3117,570.7125,2495.1768
2025-04-21,Return,Aragorn,Helm's Deep,6.4445,577.1570,2501.6214
2025-04-22,Return,Aragorn,Helm's Deep,6.0806,583.2376,2507.7020
2025-04-23,Return,Aragorn,Helm's Deep,6.9256,590.1632,2514.6276
2025-04-24,Return,Aragorn,Helm's Deep,7.9254,598.0887,2522.5530
2025-04-25,Return,Aragorn,Helm's Deep,4.4919,602.5805,2527.0449
2025-04-26,Return,Aragorn,Helm's Deep,2.0124,604.5929,2529.0573
2025-04-27,Return,Aragorn,Helm's Deep,7.3682,611.9611,2536.4255
2025-04-28,Return,Aragorn,Helm's Deep,7.2492,619.2103,2543.6747
2025-04-29,Return,Aragorn,Helm's Deep,3.6027,622.8130,2547.2774
2025-04-30,Return,Aragorn,Helm's Deep,2.2644,625.0774,2549.5418
2025-05-01,Return,Aragorn,Helm's Deep,7.4903,632.5677,2557.0320
2025-05-02,Return,Aragorn,Helm's Deep,9.0278,641.5955,2566.0598
2025-05-03,Return,Aragorn,Helm's Deep,6.6062,648.2017,2572.6661
2025-05-04,Return,Aragorn,Helm's Deep,7.6425,655.8442,2580.3085
2025-05-05,Return,Aragorn,Helm's Deep,7.1716,663.0158,2587.4802
2025-05-06,Return,Aragorn,Helm's Deep,6.4627,669.4786,2593.9429
2025-05-07,Return,Aragorn,Helm's Deep,8.6217,678.1003,2602.5646
2025-05-08,Return,Aragorn,Helm's Deep,5.8331,683.9334,2608.3977
2025-05-09,Return,Aragorn,Helm's Deep,4.9543,688.8877,2613.3521
2025-05-10,Return,Aragorn,Helm's Deep,8.3457,697.2334,2621.6978
2025-05-11,Return,Aragorn,Helm's Deep,5.6757,702.9091,2627.3734
2025-05-12,Return,Aragorn,Helm's Deep,6.0193,708.9284,2633.3928
2025-05-13,Return,Aragorn,Helm's Deep,3.0599,711.9883,2636.4526
2025-05-14,Return,Aragorn,Helm's Deep,6.3414,718.3297,2642.7940
2025-05-15,Return,Aragorn,Helm's Deep,4.6558,722.9855,2647.4498
2025-05-16,Return,Aragorn,Helm's Deep,7.2888,730.2743,2654.7386
2025-05-17,Return,Aragorn,Helm's Deep,6.0377,736.3120,2660.7763
2025-05-18,Return,Aragorn,Helm's Deep,4.9757,741.2877,2665.7521
2025-05-19,Return,Aragorn,Helm's Deep,4.1413,745.4290,2669.8933
2025-05-20,Return,Aragorn,Helm's Deep,0.3792,745.8082,2670.2726
2025-05-21,Return,Aragorn,Helm's Deep,3.0492,748.8575,2673.3218
2025-05-22,Return,Aragorn,Helm's Deep,0.3336,749.1911,2673.6554
2025-05-23,Return,Aragorn,Helm's Deep,2.4856,751.6766,2676.1410
2025-05-24,Return,Aragorn,Helm's Deep,2.8683,754.5449,2679.0093
2025-05-25,Return,Aragorn,Helm's Deep,6.7986,761.3436,2685.8079
2025-05-26,Return,Aragorn,Helm's Deep,9.6247,770.9683,2695.4327
2025-05-27,Return,Aragorn,Helm's Deep,7.7813,778.7497,2703.2140
2025-05-28,Return,Aragorn,Helm's Deep,7.4072,786.1568,2710.6212
2025-05-29,Return,Aragorn,Helm's Deep,7.5586,793.7154,2718.1798
2025-05-30,Return,Aragorn,Helm's Deep,4.2515,797.9669,2722.4313
2025-05-31,Return,Aragorn,Helm's Deep,4.3927,802.3596,2726.8240
2025-06-01,Return,Aragorn,Helm's Deep,7.8463,810.2059,2734.6703
2025-06-02,Return,Aragorn,Helm's Deep,10.3611,820.5670,2745.0314
2025-06-03,Return,Aragorn,Helm's Deep,3.2972,823.8642,2748.3286
2025-06-04,Return,Aragorn,Helm's Deep,8.3966,832.2609,2756.7252
2025-06-05,Return,Aragorn,Gondor,10.9987,843.2596,2767.7240
2025-06-06,Return,Aragorn,Gondor,3.8686,847.1282,2771.5925
2025-06-07,Return,Aragorn,Gondor,5.0595,852.1877,2776.6521
2025-06-08,Return,Aragorn,Gondor,7.7466,859.9343,2784.3987
2025-06-09,Return,Aragorn,Gondor,15.2296,875.1640,2799.6283
2025-06-10,Return,Aragorn,Gondor,10.4351,885.5991,2810.0634
2025-06-11,Return,Aragorn,Gondor,7.1290,892.7281,2817.1924
2025-06-12,Return,Aragorn,Gondor,9.4670,902.1951,2826.6595
2025-06-13,Return,Aragorn,Gondor,11.2455,913.4406,2837.9049
2025-06-14,Return,Aragorn,Gondor,3.9337,917.3743,2841.8386
2025-06-15,Return,Aragorn,Gondor,4.7057,922.0799,2846.5443
2025-06-16,Return,Aragorn,Gondor,6.5491,928.6290,2853.0934
2025-06-17,Return,Aragorn,Gondor,7.0693,935.6984,2860.1627
2025-06-18,Return,Aragorn,Gondor,5.5489,941.2473,2865.7117
2025-06-19,Return,Aragorn,Gondor,6.5204,947.7677,2872.2321
2025-06-20,Return,Aragorn,Gondor,8.1005,955.8682,2880.3326
2025-06-21,Return,Aragorn,Gondor,6.5492,962.4173,2886.8817
2025-06-22,Return,Aragorn,Gondor,8.3605,970.7778,2895.2422
2025-06-23,Return,Aragorn,Gondor,9.1844,979.9622,2904.4266
2025-06-24,Return,Aragorn,Gondor,7.4961,987.4583,2911.9227
2025-06-25,Return,Aragorn,Gondor,9.3203,996.7786,2921.2430
2025-06-26,Return,Aragorn,Gondor,9.3713,1006.1500,2930.6143
2025-06-27,Return,Aragorn,Gondor,7.0146,1013.1645,2937.6289
2025-06-28,Return,Aragorn,Gondor,4.8072,1017.9718,2942.4361
2025-06-29,Return,Aragorn,Gondor,9.4699,1027.4417,2951.9061
2025-06-30,Return,Aragorn,Gondor,13.3936,1040.8353,2965.2996
2025-07-01,Return,Aragorn,Gondor,5.7005,1046.5357,2971.0001
2025-07-02,Return,Aragorn,Gondor,6.4927,1053.0284,2977.4928
2025-07-03,Return,Aragorn,Gondor,8.7243,1061.7527,2986.2171
2025-07-04,Return,Aragorn,Gondor,3.6540,1065.4067,2989.8711
2025-07-05,Return,Aragorn,Gondor,1.3364,1066.7431,2991.2075
2025-07-06,Return,Aragorn,Gondor,4.0237,1070.7668,2995.2311
2025-07-07,Return,Aragorn,Gondor,8.7896,1079.5563,3004.0207
2025-07-08,Return,Aragorn,Gondor,7.8284,1087.3847,3011.8491
2025-07-09,Return,Aragorn,Gondor,9.8991,1097.2838,3021.7482
2025-07-10,Return,Aragorn,Gondor,4.3960,1101.6798,3026.1442
2025-07-11,Return,Aragorn,Gondor,3.1666,1104.8464,3029.3108
2025-07-12,Return,Aragorn,Gondor,5.5533,1110.3997,3034.8641
2025-07-13,Return,Aragorn,Gondor,11.1226,1121.5223,3045.9866
2025-07-14,Return,Aragorn,Gondor,8.5763,1130.0986,3054.5629
2025-07-15,Return,Aragorn,Gondor,5.3144,1135.4130,3059.8774
2025-07-16,Return,Aragorn,Gondor,9.1450,1144.5580,3069.0224
2025-07-17,Return,Aragorn,Gondor,7.1294,1151.6874,3076.1518
2025-07-18,Return,Aragorn,Gondor,10.0444,1161.7318,3086.1962
2025-07-19,Return,Aragorn,Gondor,5.9490,1167.6808,3092.1452
2025-07-20,Return,Aragorn,Gondor,7.9749,1175.6557,3100.1201
2025-07-21,Return,Aragorn,Gondor,11.2491,1186.9048,3111.3692
2025-07-22,Return,Aragorn,Gondor,7.3930,1194.2978,3118.7622
2025-07-23,Return,Aragorn,Gondor,5.9728,1200.2706,3124.7350
2025-07-24,Return,Aragorn,Gondor,7.8440,1208.1146,3132.5790
2025-07-25,Return,Aragorn,Gondor,4.2110,1212.3256,3136.7899
2025-07-26,Return,Aragorn,Gondor,6.9328,1219.2584,3143.7227
2025-07-27,Return,Aragorn,Gondor,8.0478,1227.3061,3151.7705
2025-07-28,Return,Aragorn,Gondor,10.9497,1238.2558,3162.7202
2025-07-29,Return,Aragorn,Gondor,7.3641,1245.6199,3170.0842
2025-07-30,Return,Aragorn,Gondor,7.7610,1253.3809,3177.8452
2025-07-31,Return,Aragorn,Gondor,8.1898,1261.5707,3186.0351
2025-08-01,Return,Aragorn,Gondor,6.2281,1267.7988,3192.2631
2025-08-02,Return,Aragorn,Gondor,5.6787,1273.4775,3197.9419
2025-08-03,Return,Aragorn,Gondor,8.6589,1282.1364,3206.6007
2025-08-04,Return,Aragorn,Gondor,8.7297,1290.8661,3215.3305
2025-08-05,Return,Aragorn,Gondor,4.6980,1295.5641,3220.0285
2025-08-06,Return,Aragorn,Gondor,5.9263,1301.4904,3225.9548
2025-08-07,Return,Aragorn,Gondor,4.6963,1306.1867,3230.6511
2025-08-08,Return,Aragorn,Gondor,11.4671,1317.6538,3242.1182
2025-08-09,Return,Aragorn,Gondor,16.7243,1334.3781,3258.8425
2025-08-10,Return,Aragorn,Gondor,7.6315,1342.0096,3266.4740
2025-08-11,Return,Aragorn,Gondor,7.8176,1349.8272,3274.2916
2025-08-12,Return,Aragorn,Gondor,10.0428,1359.8701,3284.3344
2025-08-13,Return,Aragorn,Gondor,5.8039,1365.6739,3290.1383
2025-08-14,Return,Aragorn,Gondor,3.4971,1369.1710,3293.6354
2025-08-15,Return,Aragorn,Gondor,9.0381,1378.2092,3302.6735
2025-08-16,Return,Aragorn,Gondor,2.2950,1380.5041,3304.9685
2025-08-17,Return,Aragorn,Gondor,9.8992,1390.4033,3314.8677
2025-08-18,Return,Aragorn,Gondor,8.9083,1399.3116,3323.7760
2025-08-19,Return,Aragorn,Gondor,14.1660,1413.4776,3337.9419
2025-08-20,Return,Aragorn,Gondor,12.6009,1426.0785,3350.5429
2025-08-21,Return,Aragorn,Gondor,12.6304,1438.7089,3363.1732
2025-08-22,Return,Aragorn,Gondor,10.6099,1449.3188,3373.7832
2025-08-23,Return,Aragorn,Gondor,14.3290,1463.6478,3388.1122
2025-08-24,Return,Aragorn,Gondor,9.9365,1473.5843,3398.0487
2025-08-25,Return,Aragorn,Gondor,10.5583,1484.1426,3408.6070
2025-08-26,Return,Aragorn,Gondor,9.4013,1493.5440,3418.0083
2025-08-27,,,,5.3309,,3423.3392
2025-08-28,,,,3.1521,,3426.4913
2025-08-29,,,,3.4329,,3429.9242
2025-08-30,,,,4.7288,,3434.6530
2025-08-31,,,,5.1789,,3439.8319
2025-09-01,,,,5.0405,,3444.8724
2025-09-02,,,,4.2682,,3449.1406
2025-09-03,,,,1.2809,,3450.4215
2025-09-04,,,,2.3420,,3452.7635
2025-09-05,,,,2.1320,,3454.8956
2025-09-06,,,,0.5474,,3455.4430
2025-09-07,,,,1.8117,,3457.2547
2025-09-08,,,,6.6812,,3463.9359
2025-09-09,,,,10.7156,,3474.6514
2025-09-10,,,,6.6947,,3481.3461
2025-09-11,,,,3.2281,,3484.5742
2025-09-12,,,,1.1395,,3485.7137
2025-09-13,,,,1.3060,,3487.0198
2025-09-14,,,,6.3532,,3493.3729
2025-09-15,,,,2.2016,,3495.5746
2025-09-16,,,,6.0804,,3501.6550
2025-09-17,,,,0.6090,,3502.2640
2025-09-18,,,,5.4109,,3507.6748
2025-09-19,,,,3.5136,,3511.1884
2025-09-20,,,,5.3704,,3516.5589
2025-09-21,,,,7.3092,,3523.8681
2025-09-22,,,,3.2238,,3527.0919
2025-09-23,,,,7.2969,,3534.3887
2025-09-24,,,,6.9765,,3541.3652
2025-09-25,,,,1.3298,,3542.6950
2025-09-26,,,,1.3002,,3543.9952
2025-09-27,,,,6.0135,,3550.0087
2025-09-28,,,,5.7111,,3555.7198
2025-09-29,,,,6.8504,,3562.5703
2025-09-30,,,,7.3362,,3569.9065
2025-10-01,,,,4.4835,,3574.3900
2025-10-02,,,,5.0480,,3579.4381
2025-10-03,,,,4.9083,,3584.3463
2025-10-04,,,,6.0667,,3590.4130
2025-10-05,,,,9.5061,,3599.9192
2025-10-06,,,,6.3909,,3606.3101
2025-10-07,,,,4.4161,,3610.7261
2025-10-08,,,,1.7683,,3612.4945
2025-10-09,,,,3.2863,,3615.7808
2025-10-10,,,,7.0687,,3622.8494
2025-10-11,,,,11.3540,,3634.2035
2025-10-12,,,,6.1775,,3640.3810
2025-10-13,,,,10.2756,,3650.6566
2025-10-14,,,,3.9794,,3654.6360
2025-10-15,,,,5.3690,,3660.0050
2025-10-16,,,,5.3986,,3665.4036
2025-10-17,,,,8.0774,,3673.4810
2025-10-18,,,,2.9283,,3676.4093
2025-10-19,,,,6.0218,,3682.4311
2025-10-20,,,,17.4147,,3699.8459
2025-10-21,,,,8.5234,,3708.3692
2025-10-22,,,,6.4079,,3714.7771
2025-10-23,,,,9.9614,,3724.7386
2025-10-24,,,,4.7060,,3729.4445
2025-10-25,,,,4.1234,,3733.5679
2025-10-26,,,,6.8269,,3740.3948
2025-10-27,,,,4.0337,,3744.4285
2025-10-28,,,,4.5232,,3748.9517
2025-10-29,,,,3.2884,,3752.2401
2025-10-30,,,,4.7990,,3757.0391
2025-10-31,,,,6.7429,,3763.7820
2025-11-01,,,,7.4754,,3771.2574
2025-11-02,,,,5.8766,,3777.1340
2025-11-03,,,,2.5907,,3779.7247
2025-11-04,,,,3.2064,,3782.9311
2025-11-05,,,,5.6233,,3788.5544
2025-11-06,,,,2.6113,,3791.1656
2025-11-07,,,,3.6542,,3794.8198
2025-11-08,,,,5.7875,,3800.6073
2025-11-09,,,,8.1113,,3808.7186
2025-11-10,,,,10.0626,,3818.7812
2025-11-11,,,,6.1197,,3824.9009
2025-11-12,,,,5.3740,,3830.2749
2025-11-13,,,,1.7375,,3832.0124
2025-11-14,,,,0.5667,,3832.5791
2025-11-15,,,,5.4677,,3838.0468
2025-11-16,,,,7.5588,,3845.6056
2025-11-17,,,,7.4827,,3853.0883
2025-11-18,,,,1.7378,,3854.8261
2025-11-19,,,,1.1531,,3855.9793
2025-11-20,,,,3.5271,,3859.5064
2025-11-21,,,,3.8696,,3863.3760
2025-11-22,,,,5.6909,,3869.0669
2025-11-23,,,,4.1721,,3873.2390
2025-11-24,,,,2.4870,,3875.7259
2025-11-25,,,,5.4734,,3881.1993
2025-11-26,,,,1.2413,,3882.4406
2025-11-27,,,,6.3400,,3888.7806
2025-11-28,,,,0.6968,,3889.4774
2025-11-29,,,,1.1651,,3890.6426
2025-11-30,,,,2.0825,,3892.7251
2025-12-01,,,,0.0620,,3892.7871
2025-12-02,,,,0.0038,,3892.7909
2025-12-03,,,,0.9485,,3893.7394
2025-12-04,,,,4.3767,,3898.1161
2025-12-05,,,,0.0573,,3898.1734
2025-12-06,,,,4.4995,,3902.6729
2025-12-07,,,,7.7416,,3910.4145
2025-12-08,,,,0.8802,,3911.2948
2025-12-09,,,,,,
2025-12-10,,,,1.6972,,3912.9919
2025-12-11,,,,0.1629,,3913.1549
2025-12-12,,,,2.7930,,3915.9479
2025-12-13,,,,6.5180,,3922.4659
2025-12-14,,,,4.6716,,3927.1374
2025-12-15,,,,3.7332,,3930.8706
2025-12-16,,,,5.6779,,3936.5485
2025-12-17,,,,0.9820,,3937.5305
2025-12-18,,,,3.7170,,3941.2476
2025-12-19,,,,5.6107,,3946.8583
2025-12-20,,,,4.4344,,3951.2927
2025-12-21,,,,4.3579,,3955.6506
2025-12-22,,,,2.0920,,3957.7426
2025-12-23,,,,0.2249,,3957.9675
2025-12-24,,,,1.3965,,3959.3640
2025-12-25,,,,2.5677,,3961.9316
2025-12-26,,,,0.6625,,3962.5942
2025-12-27,,,,0.8274,,3963.4216
2025-12-28,,,,2.6484,,3966.0700
2025-12-29,,,,0.6833,,3966.7533
2025-12-30,,,,4.7083,,3971.4616
2025-12-31,,,,0.7807,,3972.2424
2026-01-01,,,,1.2041,,3973.4465
2026-01-02,,,,2.0651,,3975.5116
2026-01-03,,,,7.3545,,3982.8662
2026-01-04,,,,4.7294,,3987.5955
2026-01-05,,,,1.3277,,3988.9232
2026-01-06,,,,1.7345,,3990.6576
2026-01-07,,,,3.1435,,3993.8011
2026-01-08,,,,1.0396,,3994.8408
2026-01-09,,,,1.4316,,3996.2723
2026-01-10,,,,5.6262,,4001.8985
2026-01-11,,,,6.0049,,4007.9034
2026-01-12,,,,3.6937,,4011.5971
2026-01-13,,,,4.1462,,4015.7433
2026-01-14,,,,2.6501,,4018.3933
2026-01-15,,,,5.6329,,4024.0262
2026-01-16,,,,5.2845,,4029.3107
2026-01-17,,,,6.2441,,4035.5548
2026-01-18,,,,8.5651,,4044.1199
2026-01-19,,,,4.2370,,4048.3570
2026-01-20,Hobbit,Bilbo,An Unexpected Journey,10.1020,10.1020,4058.4589
2026-01-21,Hobbit,Bilbo,An Unexpected Journey,8.0016,18.1036,4066.4605
2026-01-22,Hobbit,Bilbo,An Unexpected Journey,8.6340,26.7376,4075.0945
2026-01-23,Hobbit,Bilbo,An Unexpected Journey,14.4829,41.2204,4089.5774
2026-01-24,Hobbit,Bilbo,An Unexpected Journey,9.3624,50.5828,4098.9397
2026-01-25,Hobbit,Bilbo,An Unexpected Journey,10.5820,61.1648,4109.5217
2026-01-26,Hobbit,Bilbo,An Unexpected Journey,7.3589,68.5237,4116.8806
2026-01-27,Hobbit,Bilbo,An Unexpected Journey,7.0359,75.5595,4123.9165
2026-01-28,Hobbit,Bilbo,An Unexpected Journey,12.6445,88.2040,4136.5610
2026-01-29,Hobbit,Bilbo,An Unexpected Journey,12.3897,100.5937,4148.9506
2026-01-30,Hobbit,Bilbo,An Unexpected Journey,5.3612,105.9549,4154.3118
2026-01-31,Hobbit,Bilbo,An Unexpected Journey,10.3931,116.3479,4164.7049
2026-02-01,Hobbit,Bilbo,An Unexpected Journey,11.7016,128.0495,4176.4064
2026-02-02,Hobbit,Bilbo,An Unexpected Journey,7.6158,135.6653,4184.0222
2026-02-03,Hobbit,Bilbo,An Unexpected Journey,11.1538,146.8191,4195.1761
2026-02-04,Hobbit,Bilbo,An Unexpected Journey,5.5787,152.3978,4200.7548
2026-02-05,Hobbit,Bilbo,An Unexpected Journey,1.6679,154.0657,4202.4227
2026-02-06,Hobbit,Bilbo,An Unexpected Journey,3.4716,157.5374,4205.8943
2026-02-07,Hobbit,Bilbo,An Unexpected Journey,11.3614,168.8987,4217.2557
2026-02-08,Hobbit,Bilbo,An Unexpected Journey,12.2961,181.1949,4229.5518
2026-02-09,Hobbit,Bilbo,An Unexpected Journey,2.8732,184.0680,4232.4250
2026-02-10,Hobbit,Bilbo,An Unexpected Journey,5.2245,189.2926,4237.6495
2026-02-11,Hobbit,Bilbo,An Unexpected Journey,3.7147,193.0073,4241.3643
2026-02-12,Hobbit,Bilbo,An Unexpected Journey,4.3745,197.3818,4245.7388
2026-02-13,Hobbit,Bilbo,An Unexpected Journey,3.9768,201.3587,4249.7156
2026-02-14,Hobbit,Bilbo,An Unexpected Journey,9.5104,210.8690,4259.2260
2026-02-15,Hobbit,Bilbo,An Unexpected Journey,11.5736,222.4426,4270.7995
2026-02-16,Hobbit,Bilbo,An Unexpected Journey,9.8687,232.3113,4280.6683
2026-02-17,Hobbit,Bilbo,An Unexpected Journey,6.2695,238.5809,4286.9378
2026-02-18,Hobbit,Bilbo,An Unexpected Journey,11.5616,250.1424,4298.4994
2026-02-19,Hobbit,Bilbo,An Unexpected Journey,9.6110,259.7534,4308.1104
2026-02-20,Hobbit,Bilbo,An Unexpected Journey,5.8524,265.6059,4313.9628
2026-02-21,Hobbit,Bilbo,An Unexpected Journey,10.8505,276.4563,4324.8133
2026-02-22,Hobbit,Bilbo,An Unexpected Journey,11.1763,287.6327,4335.9896
2026-02-23,Hobbit,Bilbo,An Unexpected Journey,4.1746,291.8073,4340.1643
2026-02-24,Hobbit,Bilbo,An Unexpected Journey,4.2604,296.0677,4344.4246
2026-02-25,Hobbit,Bilbo,An Unexpected Journey,4.4553,300.5230,4348.8800
2026-02-26,Hobbit,Bilbo,An Unexpected Journey,5.8272,306.3502,4354.7072
2026-02-27,Hobbit,Bilbo,An Unexpected Journey,11.5486,317.8989,4366.2558
2026-02-28,Hobbit,Bilbo,An Unexpected Journey,11.6129,329.5117,4377.8687
2026-03-01,Hobbit,Bilbo,An Unexpected Journey,10.1075,339.6192,4387.9762
2026-03-02,Hobbit,Bilbo,An Unexpected Journey,6.6500,346.2692,4394.6261
2026-03-03,Hobbit,Bilbo,An Unexpected Journey,6.8104,353.0796,4401.4365
2026-03-04,Hobbit,Bilbo,An Unexpected Journey,12.1464,365.2260,4413.5829
2026-03-05,Hobbit,Bilbo,An Unexpected Journey,9.3134,374.5394,4422.8963
2026-03-06,Hobbit,Bilbo,An Unexpected Journey,2.8658,377.4051,4425.7621
2026-03-07,Hobbit,Bilbo,An Unexpected Journey,7.8423,385.2474,4433.6044
2026-03-08,Hobbit,Bilbo,An Unexpected Journey,2.6151,387.8625,4436.2194
2026-03-09,Hobbit,Bilbo,An Unexpected Journey,10.6775,398.5399,4446.8969
2026-03-10,Hobbit,Bilbo,An Unexpected Journey,11.3361,409.8760,4458.2330
2026-03-11,Hobbit,Bilbo,An Unexpected Journey,6.7522,416.6282,4464.9852
2026-03-12,Hobbit,Bilbo,An Unexpected Journey,9.2814,425.9096,4474.2665
2026-03-13,Hobbit,Bilbo,An Unexpected Journey,9.0838,434.9933,4483.3503
2026-03-14,Hobbit,Bilbo,An Unexpected Journey,10.5386,445.5319,4493.8889
2026-03-15,Hobbit,Bilbo,An Unexpected Journey,11.9774,457.5093,4505.8663
2026-03-16,Hobbit,Bilbo,An Unexpected Journey,9.0506,466.5599,4514.9168
2026-03-17,Hobbit,Bilbo,An Unexpected Journey,4.6228,471.1827,4519.5397
2026-03-18,Hobbit,Bilbo,An Unexpected Journey,3.9950,475.1777,4523.5347
2026-03-19,Hobbit,Bilbo,An Unexpected Journey,5.5065,480.6842,4529.0411
2026-03-20,Hobbit,Bilbo,An Unexpected Journey,3.1336,483.8177,4532.1747
2026-03-21,Hobbit,Bilbo,An Unexpected Journey,7.6211,491.4388,4539.7958
2026-03-22,Hobbit,Bilbo,An Unexpected Journey,12.5065,503.9453,4552.3023
2026-03-23,Hobbit,Bilbo,An Unexpected Journey,10.7182,514.6635,4563.0205
2026-03-24,Hobbit,Bilbo,An Unexpected Journey,4.9265,519.5900,4567.9470
2026-03-25,Hobbit,Bilbo,An Unexpected Journey,3.7971,523.3871,4571.7441
2026-03-26,Hobbit,Bilbo,An Unexpected Journey,8.5264,531.9135,4580.2705
2026-03-27,Hobbit,Bilbo,An Unexpected Journey,7.2756,539.1891,4587.5461
2026-03-28,Hobbit,Bilbo,An Unexpected Journey,6.0351,545.2242,4593.5812
2026-03-29,Hobbit,Bilbo,An Unexpected Journey,6.9922,552.2164,4600.5734
2026-03-30,Hobbit,Bilbo,An Unexpected Journey,13.7693,565.9858,4614.3427
2026-03-31,Hobbit,Bilbo,An Unexpected Journey,8.5147,574.5005,4622.8574
2026-04-01,Hobbit,Bilbo,An Unexpected Journey,10.8269,585.3274,4633.6844
2026-04-02,Hobbit,Bilbo,An Unexpected Journey,11.1384,596.4658,4644.8227
2026-04-03,Hobbit,Bilbo,An Unexpected Journey,4.1152,600.5809,4648.9379
2026-04-04,Hobbit,Bilbo,An Unexpected Journey,11.1377,611.7186,4660.0756
2026-04-05,Hobbit,Bilbo,An Unexpected Journey,8.5374,620.2560,4668.6130
2026-04-06,Hobbit,Bilbo,An Unexpected Journey,4.7434,624.9994,4673.3563
2026-04-07,Hobbit,Bilbo,An Unexpected Journey,11.8191,636.8185,4685.1754
2026-04-08,Hobbit,Bilbo,The Desolation of Smaug,15.8346,652.6530,4701.0100
2026-04-09,Hobbit,Bilbo,The Desolation of Smaug,9.6685,662.3215,4710.6785
2026-04-10,Hobbit,Bilbo,The Desolation of Smaug,5.2931,667.6146,4715.9716
2026-04-11,Hobbit,Bilbo,The Desolation of Smaug,9.4052,677.0198,4725.3767
2026-04-12,Hobbit,Bilbo,The Desolation of Smaug,9.3079,686.3277,4734.6846
2026-04-13,Hobbit,Bilbo,The Desolation of Smaug,11.2772,697.6048,4745.9618
2026-04-14,Hobbit,Bilbo,The Desolation of Smaug,12.5765,710.1813,4758.5383
2026-04-15,Hobbit,Bilbo,The Desolation of Smaug,7.4078,717.5891,4765.9461
2026-04-16,Hobbit,Bilbo,The Desolation of Smaug,5.5729,723.1620,4771.5190
2026-04-17,Hobbit,Bilbo,The Desolation of Smaug,4.0028,727.1648,4775.5218
2026-04-18,Hobbit,Bilbo,The Desolation of Smaug,12.2028,739.3676,4787.7245
2026-04-19,Hobbit,Bilbo,The Desolation of Smaug,13.2990,752.6665,4801.0235
2026-04-20,Hobbit,Bilbo,The Desolation of Smaug,16.4343,769.1008,4817.4578
2026-04-21,Hobbit,Bilbo,The Desolation of Smaug,10.5813,779.6821,4828.0391
2026-04-22,Hobbit,Bilbo,The Desolation of Smaug,11.1198,790.8019,4839.1589
2026-04-23,Hobbit,Bilbo,The Desolation of Smaug,11.8747,802.6766,4851.0336
2026-04-24,Hobbit,Bilbo,The Desolation of Smaug,9.0883,811.7650,4860.1219
2026-04-25,Hobbit,Bilbo,The Desolation of Smaug,10.2328,821.9977,4870.3547
2026-04-26,Hobbit,Bilbo,The Desolation of Smaug,9.4203,831.4181,4879.7750
2026-04-27,Hobbit,Bilbo,The Desolation of Smaug,11.2051,842.6232,4890.9802
2026-04-28,Hobbit,Bilbo,The Desolation of Smaug,3.7524,846.3756,4894.7326
2026-04-29,Hobbit,Bilbo,The Desolation of Smaug,7.8395,854.2152,4902.5721
2026-04-30,Hobbit,Bilbo,The Desolation of Smaug,5.0765,859.2917,4907.6487
2026-05-01,Hobbit,Bilbo,The Desolation of Smaug,5.7064,864.9982,4913.3551
2026-05-02,Hobbit,Bilbo,The Desolation of Smaug,6.3961,871.3942,4919.7512
2026-05-03,Hobbit,Bilbo,The Desolation of Smaug,9.6930,881.0872,4929.4441
2026-05-04,Hobbit,Bilbo,The Desolation of Smaug,9.0083,890.0954,4938.4524
2026-05-05,Hobbit,Bilbo,The Desolation of Smaug,5.3564,895.4518,4943.8088
2026-05-06,Hobbit,Bilbo,The Desolation of Smaug,5.7296,901.1814,4949.5384
2026-05-07,Hobbit,Bilbo,The Desolation of Smaug,10.1082,911.2896,4959.6466
2026-05-08,Hobbit,Bilbo,The Desolation of Smaug,3.7118,915.0014,4963.3584
2026-05-09,Hobbit,Bilbo,The Desolation of Smaug,9.2475,924.2489,4972.6059
2026-05-10,Hobbit,Bilbo,The Desolation of Smaug,9.5336,933.7825,4982.1395
2026-05-11,Hobbit,Bilbo,The Desolation of Smaug,6.4683,940.2509,4988.6078
2026-05-12,Hobbit,Bilbo,The Desolation of Smaug,5.3040,945.5549,4993.9118
2026-05-13,Hobbit,Bilbo,The Desolation of Smaug,3.6238,949.1787,4997.5356
2026-05-14,Hobbit,Bilbo,The Desolation of Smaug,5.9161,955.0947,5003.4517
2026-05-15,Hobbit,Bilbo,The Desolation of Smaug,5.1900,960.2848,5008.6417
2026-05-16,Hobbit,Bilbo,The Desolation of Smaug,6.8148,967.0995,5015.4565
2026-05-17,Hobbit,Bilbo,The Desolation of Smaug,7.2045,974.3041,5022.6610
2026-05-18,Hobbit,Bilbo,The Desolation of Smaug,6.2976,980.6016,5028.9586
2026-05-19,Hobbit,Bilbo,The Desolation of Smaug,4.9856,985.5872,5033.9442
2026-05-20,Hobbit,Bilbo,The Desolation of Smaug,7.1765,992.7637,5041.1207
2026-05-21,Hobbit,Bilbo,The Desolation of Smaug,2.2082,994.9719,5043.3289
2026-05-22,Hobbit,Bilbo,The Desolation of Smaug,5.9468,1000.9187,5049.2757
2026-05-23,Hobbit,Bilbo,The Desolation of Smaug,6.8170,1007.7357,5056.0927
2026-05-24,Hobbit,Bilbo,The Desolation of Smaug,6.4499,1014.1856,5062.5426
2026-05-25,Hobbit,Bilbo,The Desolation of Smaug,8.7202,1022.9059,5071.2628
2026-05-26,Hobbit,Bilbo,The Desolation of Smaug,10.0792,1032.9851,5081.3421
2026-05-27,Hobbit,Bilbo,The Desolation of Smaug,7.0256,1040.0107,5088.3677
2026-05-28,Hobbit,Bilbo,The Desolation of Smaug,6.1030,1046.1137,5094.4707
2026-05-29,Hobbit,Bilbo,The Desolation of Smaug,6.2376,1052.3514,5100.7083
2026-05-30,Hobbit,Bilbo,The Desolation of Smaug,10.6291,1062.9805,5111.3374
2026-05-31,Hobbit,Bilbo,The Desolation of Smaug,8.3931,1071.3736,5119.7306
2026-06-01,Hobbit,Bilbo,The Battle of the Five Armies,8.4416,1079.8152,5128.1721
2026-06-02,Hobbit,Bilbo,The Battle of the Five Armies,5.6695,1085.4847,5133.8416
2026-06-03,Hobbit,Bilbo,The Battle of the Five Armies,5.5980,1091.0826,5139.4396
2026-06-04,Hobbit,Bilbo,The Battle of the Five Armies,4.5668,1095.6494,5144.0064
2026-06-05,Hobbit,Bilbo,The Battle of the Five Armies,4.4537,1100.1031,5148.4601
2026-06-06,Hobbit,Bilbo,The Battle of the Five Armies,7.8551,1107.9582,5156.3152
2026-06-07,Hobbit,Bilbo,The Battle of the Five Armies,9.6862,1117.6444,5166.0014
2026-06-08,Hobbit,Bilbo,The Battle of the Five Armies,10.5191,1128.1635,5176.5205
2026-06-09,Hobbit,Bilbo,The Battle of the Five Armies,7.1863,1135.3499,5183.7068
2026-06-10,Hobbit,Bilbo,The Battle of the Five Armies,12.7429,1148.0928,5196.4498
